Trap_ID,outDate,inDate,days_total,bottle_vol,liquid
1,14/08/2017,26/08/2017,12,0.5,Beer
3,16/08/2017,22/08/2017,6,0.5,Orange
4,28/08/2017,03/09/2017,6,2,Orange
5,05/09/2017,08/09/2017,3,2,Beer
6,24/08/2017,02/09/2017,9,2,Orange
8,25/08/2017,02/09/2017,8,2,Beer
9,25/08/2017,01/09/2017,7,0.5,Beer
10,26/08/2017,31/08/2017,5,0.5,Orange
11,26/08/2017,02/09/2017,7,1.5,Orange
12,25/08/2017,01/09/2017,7,1,Orange
15,25/08/2017,31/08/2017,6,2,Beer
17,29/08/2017,05/09/2017,7,2,Beer
18,24/08/2017,01/09/2017,8,2,Beer
19,01/09/2017,08/09/2017,7,0.5,Beer
20,25/08/2017,01/09/2017,7,1.5,Beer
21,26/08/2017,01/09/2017,6,2,Orange
22,25/08/2017,01/09/2017,7,1,Beer
23,25/08/2017,28/08/2017,3,1.5,Orange
24,25/08/2017,31/08/2017,6,0.5,Beer
25,23/08/2017,30/08/2017,7,1.5,Beer
26,25/08/2017,01/09/2017,7,1,Beer
28,27/08/2017,03/09/2017,7,2,Beer
29,27/08/2017,03/09/2017,7,1,Orange
30,24/08/2017,31/08/2017,7,2,Beer
31,26/08/2017,03/09/2017,8,1,Orange
32,25/08/2017,02/09/2017,8,1,Beer
33,24/08/2017,01/09/2017,8,1.5,Beer
34,24/08/2017,31/08/2017,7,1.5,Orange
35,26/08/2017,03/09/2017,8,1,Beer
36,25/08/2017,01/09/2017,7,0.5,Beer
37,26/08/2017,02/09/2017,7,0.5,Beer
38,25/08/2017,01/09/2017,7,2,Beer
41,26/08/2017,01/09/2017,6,1.5,Beer
42,24/08/2017,30/08/2017,6,1,Orange
44,25/08/2017,02/09/2017,8,0.5,Beer
45,25/08/2017,01/09/2017,7,2,Beer
46,26/08/2017,09/09/2017,14,2,Beer
48,25/08/2017,01/09/2017,7,1.5,Orange
49,29/08/2017,08/09/2017,10,2,Beer
52,31/08/2017,07/09/2017,7,2,Beer
53,26/08/2017,05/09/2017,10,1,Beer
54,25/08/2017,01/09/2017,7,1,Beer
57,25/08/2017,01/09/2017,7,0.5,Orange
58,29/08/2017,06/09/2017,8,2,Beer
59,25/08/2017,01/09/2017,7,0.5,Beer
60,24/08/2017,31/08/2017,7,0.5,Orange
62,30/08/2017,06/09/2017,7,1,Orange
63,27/08/2017,03/09/2017,7,2,Beer
65,31/08/2017,07/09/2017,7,2,Beer
66,01/09/2017,08/09/2017,7,2,Beer
67,26/08/2017,01/09/2017,6,1.5,Beer
68,27/08/2017,03/09/2017,7,2,Beer
69,25/08/2017,02/09/2017,8,1.5,Beer
70,25/08/2017,02/09/2017,8,1.5,Beer
71,04/09/2017,10/09/2017,6,0.5,Orange
73,03/09/2017,10/09/2017,7,1.5,Beer
74,25/08/2017,31/08/2017,6,0.5,Beer
75,25/08/2017,01/09/2017,7,1,Beer
78,27/08/2017,04/09/2017,8,0.5,Beer
79,26/08/2017,02/09/2017,7,1.5,Beer
83,NA,NA,NA,NA,NA
85,25/08/2017,01/09/2017,7,1,Orange
86,30/08/2017,06/09/2017,7,2,Beer
87,27/08/2017,03/09/2017,7,2,Beer
89,26/08/2017,02/09/2017,7,0.5,Orange
90,25/08/2017,01/09/2017,7,1,Orange
94,25/08/2017,01/09/2017,7,1,Beer
95,27/08/2017,27/08/2017,0,0.5,Orange
97,22/08/2017,24/08/2017,2,0.5,Orange
98,24/08/2017,31/08/2017,7,1,Beer
99,27/08/2017,04/09/2017,8,2,Orange
101,29/08/2017,05/09/2017,7,2,Beer
102,24/08/2017,31/08/2017,7,2,Beer
103,26/08/2017,03/09/2017,8,2,Beer
104,25/08/2017,01/09/2017,7,1.5,Orange
105,29/08/2017,06/09/2017,8,1,Orange
106,27/08/2017,12/09/2017,16,0.5,Beer
110,27/08/2017,03/09/2017,7,2,Orange
115,27/08/2017,03/09/2017,7,2,Beer
119,27/08/2017,04/09/2017,8,1.5,Beer
122,29/08/2017,05/09/2017,7,2,Beer
123,02/09/2017,09/09/2017,7,2,Beer
124,24/08/2017,31/08/2017,7,0.5,Beer
125,24/08/2017,02/09/2017,9,0.5,Beer
126,25/08/2017,31/08/2017,6,2,Beer
131,25/08/2017,31/08/2017,6,1.5,Orange
132,24/08/2017,03/09/2017,10,0.5,Orange
134,25/08/2017,01/09/2017,7,1.5,Orange
137,26/08/2017,02/09/2017,7,1.5,Beer
138,26/08/2017,03/09/2017,8,1.5,Beer
142,26/08/2017,01/09/2017,6,2,Beer
147,01/09/2017,08/09/2017,7,1.5,Orange
148,25/08/2017,02/09/2017,8,0.5,Orange
151,27/08/2017,03/09/2017,7,0.5,Beer
152,26/08/2017,02/09/2017,7,1,Orange
154,24/08/2017,02/09/2017,9,1,Orange
160,26/08/2017,01/09/2017,6,1,Orange
161,27/08/2017,03/09/2017,7,2,Beer
163,26/08/2017,02/09/2017,7,1.5,Beer
165,25/08/2017,01/09/2017,7,1.5,Orange
166,28/08/2017,02/09/2017,5,1,Beer
167,26/08/2017,02/09/2017,7,1,Beer
168,25/08/2017,01/09/2017,7,2,Beer
169,28/08/2017,04/09/2017,7,2,Beer
172,06/09/2017,13/09/2017,7,2,Beer
173,06/09/2017,14/09/2017,8,0.5,Beer
175,25/08/2017,01/09/2017,7,1.5,Beer
176,29/08/2017,06/09/2017,8,2,Beer
178,26/08/2017,05/09/2017,10,1.5,Beer
179,08/09/2017,15/09/2017,7,1.5,Beer
182,NA,NA,NA,NA,NA
183,27/08/2017,03/09/2017,7,2,Orange
186,29/08/2017,04/09/2017,6,1.5,Orange
187,25/08/2017,01/09/2017,7,1,Orange
192,26/08/2017,02/09/2017,7,1.5,Beer
193,26/08/2017,03/09/2017,8,0.5,Beer
196,26/08/2017,02/09/2017,7,1.5,Orange
203,26/08/2017,02/09/2017,7,1.5,Beer
204,29/08/2017,05/09/2017,7,1.5,Beer
206,26/08/2017,02/09/2017,7,2,Beer
207,26/08/2017,05/09/2017,10,1.5,Orange
208,24/08/2017,04/09/2017,11,2,Beer
210,NA,NA,NA,NA,NA
210,NA,NA,NA,NA,NA
211,26/08/2017,02/09/2017,7,1,Beer
212,02/09/2017,10/09/2017,8,1.5,Beer
213,03/09/2017,09/09/2017,6,0.5,Beer
214,27/08/2017,03/09/2017,7,2,Orange
215,27/08/2017,07/09/2017,11,1.5,Beer
216,03/09/2017,10/09/2017,7,NA,NA
218,26/08/2017,03/09/2017,8,1,Beer
221,27/08/2017,03/09/2017,7,2,Beer
224,27/08/2017,03/09/2017,7,2,Beer
227,26/08/2017,10/09/2017,15,2,Beer
228,26/08/2017,02/09/2017,7,1.5,Orange
229,28/08/2017,04/09/2017,7,1.5,Beer
233,28/08/2017,04/09/2017,7,0.5,Beer
239,26/08/2017,02/09/2017,7,1.5,Beer
243,08/09/2017,15/09/2017,7,2,Beer
244,28/08/2017,04/09/2017,7,1,Orange
245,01/09/2017,09/09/2017,8,2,Beer
247,25/08/2017,09/09/2017,15,0.5,Beer
249,25/08/2017,01/09/2017,7,0.5,Beer
250,26/08/2017,02/09/2017,7,0.5,Beer
251,27/08/2017,03/09/2017,7,1,Orange
252,25/08/2017,02/09/2017,8,0.5,Orange
253,25/08/2017,02/09/2017,8,0.5,Beer
263,26/08/2017,03/09/2017,8,0.5,Beer
264,27/08/2017,03/09/2017,7,2,Beer
265,27/08/2017,10/09/2017,14,0.5,Beer
266,26/08/2017,02/09/2017,7,1,Orange
269,26/08/2017,01/09/2017,6,2,Beer
274,27/08/2017,03/09/2017,7,0.5,Beer
275,28/08/2017,04/09/2017,7,0.5,Beer
276,25/08/2017,02/09/2017,8,1,Beer
277,26/08/2017,02/09/2017,7,1,Beer
278,29/08/2017,05/09/2017,7,1.5,Beer
281,29/08/2017,17/09/2017,19,0.5,Beer
284,06/09/2017,13/09/2017,7,2,Beer
288,26/08/2017,02/09/2017,7,0.5,Beer
289,26/08/2017,02/09/2017,7,1,Beer
292,28/08/2017,04/09/2017,7,1,Orange
295,27/08/2017,03/09/2017,7,1,Beer
296,26/08/2017,02/09/2017,7,2,Beer
297,24/08/2017,02/09/2017,9,1,Beer
301,26/08/2017,02/09/2017,7,1,Beer
302,28/08/2017,04/09/2017,7,2,Beer
303,26/08/2017,02/09/2017,7,1.5,Orange
304,29/08/2017,05/09/2017,7,1,Beer
305,27/08/2017,03/09/2017,7,0.5,Beer
306,26/08/2017,02/09/2017,7,2,Orange
307,02/09/2017,10/09/2017,8,0.5,Orange
308,08/09/2017,17/09/2017,9,1.5,Beer
312,26/08/2017,02/09/2017,7,0.5,Beer
313,30/08/2017,06/09/2017,7,1.5,Beer
315,07/09/2017,14/09/2017,7,2,Orange
317,31/08/2017,07/09/2017,7,2,Orange
319,01/09/2017,10/09/2017,9,0.5,Orange
320,NA,NA,NA,NA,NA
322,26/08/2017,03/09/2017,8,2,Beer
323,26/08/2017,03/09/2017,8,2,Beer
324,26/08/2017,03/09/2017,8,2,Beer
325,25/08/2017,01/09/2017,7,1,Beer
330,26/08/2017,02/09/2017,7,2,Beer
331,28/08/2017,03/09/2017,6,1,Orange
332,26/08/2017,02/09/2017,7,0.5,Beer
333,03/09/2017,10/09/2017,7,1,Orange
335,NA,NA,NA,NA,NA
336,26/08/2017,02/09/2017,7,0.5,Beer
338,26/08/2017,03/09/2017,8,2,Beer
341,26/08/2017,02/09/2017,7,2,Beer
343,27/08/2017,03/09/2017,7,0.5,Beer
345,30/08/2017,06/09/2017,7,1,Beer
347,02/09/2017,10/09/2017,8,2,Orange
348,31/08/2017,07/09/2017,7,0.5,Beer
349,26/08/2017,01/09/2017,6,2,Beer
350,26/08/2017,02/09/2017,7,2,Beer
353,24/08/2017,30/08/2017,6,0.5,Beer
355,27/08/2017,02/09/2017,6,1,Orange
359,30/08/2017,06/09/2017,7,2,Orange
360,29/08/2017,05/09/2017,7,1,Beer
361,26/08/2017,02/09/2017,7,2,Beer
370,26/08/2017,03/09/2017,8,1,Orange
371,31/08/2017,07/09/2017,7,2,Beer
372,26/08/2017,02/09/2017,7,1.5,Beer
373,NA,NA,NA,NA,NA
377,01/09/2017,08/09/2017,7,2,Orange
378,25/08/2017,30/08/2017,5,0.5,Beer
380,27/08/2017,03/09/2017,7,2,Beer
381,26/08/2017,02/09/2017,7,0.5,Orange
385,26/08/2017,03/09/2017,8,0.5,Orange
388,29/08/2017,05/09/2017,7,1.5,Orange
390,26/08/2017,02/09/2017,7,2,Beer
391,27/08/2017,03/09/2017,7,1.5,Beer
392,26/08/2017,03/09/2017,8,0.5,Beer
393,28/08/2017,06/09/2017,9,1,Beer
394,26/08/2017,02/09/2017,7,0.5,Beer
395,29/08/2017,09/09/2017,11,0.5,Beer
396,30/08/2017,06/09/2017,7,0.5,Orange
397,26/08/2017,02/09/2017,7,1.5,Orange
398,27/08/2017,03/09/2017,7,0.5,Beer
400,27/08/2017,03/09/2017,7,1.5,Beer
402,26/08/2017,01/09/2017,6,2,Beer
403,30/08/2017,06/09/2017,7,2,Orange
404,26/08/2017,02/09/2017,7,0.5,Orange
405,27/08/2017,03/09/2017,7,0.5,Beer
409,29/08/2017,08/09/2017,10,2,Beer
410,26/08/2017,03/09/2017,8,2,Beer
411,28/08/2017,04/09/2017,7,1.5,Beer
412,26/08/2017,02/09/2017,7,2,Beer
414,08/09/2017,12/09/2017,4,1.5,Beer
415,26/08/2017,04/09/2017,9,0.5,Orange
417,04/09/2017,10/09/2017,6,1.5,Orange
418,27/08/2017,03/09/2017,7,1,Beer
419,25/08/2017,01/09/2017,7,2,Beer
421,NA,NA,NA,NA,NA
423,27/08/2017,03/09/2017,7,1,Beer
427,26/08/2017,02/09/2017,7,1.5,Beer
429,27/08/2017,02/09/2017,6,1.5,Beer
431,31/08/2017,07/09/2017,7,2,Beer
434,26/08/2017,01/09/2017,6,0.5,Orange
437,24/08/2017,31/08/2017,7,1,Beer
438,27/08/2017,03/09/2017,7,1,Beer
440,27/08/2017,04/09/2017,8,1.5,Beer
442,25/08/2017,01/09/2017,7,1.5,Orange
443,24/08/2017,01/09/2017,8,1,Beer
445,26/08/2017,02/09/2017,7,1,Beer
447,26/08/2017,02/09/2017,7,1.5,Beer
448,26/08/2017,10/09/2017,15,2,Beer
451,27/08/2017,03/09/2017,7,2,Beer
453,28/08/2017,04/09/2017,7,1,Beer
454,28/08/2017,04/09/2017,7,2,Beer
455,24/08/2017,24/08/2017,0,0.5,Beer
456,27/08/2017,04/09/2017,8,1.5,Orange
460,27/08/2017,02/09/2017,6,0.5,Beer
461,27/08/2017,04/09/2017,8,0.5,Beer
467,27/08/2017,04/09/2017,8,2,Beer
472,28/08/2017,04/09/2017,7,1.5,Orange
474,27/08/2017,03/09/2017,7,2,Beer
478,27/08/2017,03/09/2017,7,2,Beer
484,29/08/2017,05/09/2017,7,1.5,Beer
485,27/08/2017,02/09/2017,6,2,Beer
486,27/08/2017,03/09/2017,7,2,Beer
488,27/08/2017,03/09/2017,7,1.5,Beer
490,27/08/2017,03/09/2017,7,1,Beer
493,28/08/2017,04/09/2017,7,2,Beer
496,28/08/2017,04/09/2017,7,2,Beer
499,27/08/2017,03/09/2017,7,1.5,Beer
500,30/08/2017,06/09/2017,7,1,Beer
502,25/08/2017,01/09/2017,7,0.5,Orange
505,27/08/2017,04/09/2017,8,1.5,Beer
506,27/08/2017,04/09/2017,8,1,Beer
508,03/09/2017,10/09/2017,7,2,Orange
509,29/08/2017,03/09/2017,5,2,Beer
510,29/08/2017,05/09/2017,7,0.5,Orange
511,31/08/2017,07/09/2017,7,2,Beer
516,25/08/2017,02/09/2017,8,0.5,Beer
517,27/08/2017,03/09/2017,7,2,Beer
518,NA,NA,NA,NA,NA
521,29/08/2017,05/09/2017,7,1,Beer
522,27/08/2017,02/09/2017,6,0.5,Beer
525,27/08/2017,03/09/2017,7,2,Beer
526,27/08/2017,03/09/2017,7,1,Orange
527,27/08/2017,03/09/2017,7,2,Beer
529,28/08/2017,04/09/2017,7,2,Beer
532,27/08/2017,03/09/2017,7,1,Beer
533,28/08/2017,03/09/2017,6,1.5,Beer
535,19/08/2017,26/08/2017,7,0.5,Beer
536,27/08/2017,03/09/2017,7,1.5,Beer
538,27/08/2017,03/09/2017,7,0.5,Beer
539,27/08/2017,03/09/2017,7,0.5,Orange
540,28/08/2017,05/09/2017,8,1.5,Beer
542,25/08/2017,04/09/2017,10,1,Beer
544,28/08/2017,04/09/2017,7,0.5,Beer
546,NA,NA,NA,NA,NA
548,27/08/2017,03/09/2017,7,2,Beer
549,27/08/2017,03/09/2017,7,2,Beer
551,03/09/2017,10/09/2017,7,1,Beer
553,27/08/2017,03/09/2017,7,2,Orange
556,27/08/2017,03/09/2017,7,1.5,Beer
557,28/08/2017,05/09/2017,8,0.5,Orange
558,27/08/2017,03/09/2017,7,0.5,Orange
559,27/08/2017,03/09/2017,7,1,Beer
563,26/08/2017,02/09/2017,7,2,Orange
564,27/08/2017,04/09/2017,8,1,Orange
570,27/08/2017,03/09/2017,7,2,Beer
571,27/08/2017,03/09/2017,7,1,Beer
572,28/08/2017,05/09/2017,8,2,Beer
574,27/08/2017,04/09/2017,8,2,Beer
576,25/08/2017,03/09/2017,9,2,Beer
577,01/09/2017,08/09/2017,7,2,Beer
578,26/08/2017,03/09/2017,8,2,Orange
580,25/08/2017,01/09/2017,7,0.5,Beer
583,28/08/2017,05/09/2017,8,1,Beer
584,27/08/2017,03/09/2017,7,2,Beer
587,28/08/2017,04/09/2017,7,0.5,Beer
588,27/08/2017,02/09/2017,6,1.5,Beer
589,NA,NA,NA,NA,NA
593,02/09/2017,10/09/2017,8,1,Beer
594,28/08/2017,04/09/2017,7,0.5,Beer
597,04/09/2017,12/09/2017,8,1,Orange
598,28/08/2017,03/09/2017,6,1,Beer
600,28/08/2017,04/09/2017,7,0.5,Orange
601,28/08/2017,11/09/2017,14,2,beer
604,03/09/2017,13/09/2017,10,2,Orange
607,27/08/2017,04/09/2017,8,2,Orange
608,28/08/2017,04/09/2017,7,1.5,Beer
611,03/09/2017,10/09/2017,7,2,Beer
612,25/08/2017,29/08/2017,4,0.5,Orange
614,NA,NA,NA,NA,NA
615,29/08/2017,15/09/2017,17,2,Orange
621,04/09/2017,11/09/2017,7,1.5,Beer
637,NA,NA,NA,NA,NA
640,27/08/2017,04/09/2017,8,2,Orange
641,31/08/2017,06/09/2017,6,0.5,Orange
643,29/08/2017,05/09/2017,7,1.5,Beer
644,28/08/2017,04/09/2017,7,1.5,Orange
645,28/08/2017,04/09/2017,7,1.5,Orange
650,30/08/2017,07/09/2017,8,0.5,Orange
651,28/08/2017,04/09/2017,7,1,Beer
655,24/08/2017,01/09/2017,8,2,Orange
656,29/08/2017,04/09/2017,6,0.5,Orange
657,28/08/2017,04/09/2017,7,1.5,Beer
658,29/08/2017,05/09/2017,7,0.5,Beer
659,03/09/2017,10/09/2017,7,1.5,Beer
660,28/08/2017,11/09/2017,14,1,Beer
661,28/08/2017,05/09/2017,8,1,Orange
662,29/08/2017,06/09/2017,8,2,Beer
663,NA,NA,NA,NA,NA
664,28/08/2017,04/09/2017,7,1.5,Orange
665,27/08/2017,03/09/2017,7,2,Orange
668,28/08/2017,03/09/2017,6,2,Beer
669,27/08/2017,03/09/2017,7,2,Beer
670,28/08/2017,02/09/2017,5,1,Orange
673,28/08/2017,05/09/2017,8,0.5,Beer
675,30/08/2017,08/09/2017,9,2,Beer
677,29/08/2017,04/09/2017,6,0.5,Beer
682,27/08/2017,03/09/2017,7,2,Beer
683,28/08/2017,04/09/2017,7,1,Beer
685,30/08/2017,06/09/2017,7,1,Beer
688,28/08/2017,04/09/2017,7,1.5,Beer
689,NA,NA,NA,NA,NA
693,28/08/2017,04/09/2017,7,2,Beer
695,31/08/2017,07/09/2017,7,1,Beer
696,02/09/2017,09/09/2017,7,0.5,Beer
697,29/08/2017,05/09/2017,7,2,Beer
698,28/08/2017,04/09/2017,7,0.5,Beer
700,29/08/2017,05/09/2017,7,2,Orange
701,25/08/2017,01/09/2017,7,0.5,Orange
702,29/08/2017,05/09/2017,7,2,Beer
705,26/08/2017,02/09/2017,7,1.5,Orange
706,28/08/2017,04/09/2017,7,2,Beer
708,30/08/2017,06/09/2017,7,1,Beer
711,31/08/2017,08/09/2017,8,2,Orange
713,29/08/2017,05/09/2017,7,0.5,Beer
714,28/08/2017,04/09/2017,7,1.5,Beer
715,28/08/2017,04/09/2017,7,2,Beer
716,29/08/2017,05/09/2017,7,1,Beer
719,03/09/2017,10/09/2017,7,2,Orange
726,28/08/2017,04/09/2017,7,2,Beer
728,01/09/2017,06/09/2017,5,0.5,Beer
730,28/08/2017,04/09/2017,7,2,Beer
731,29/08/2017,05/09/2017,7,1,Beer
734,28/08/2017,05/09/2017,8,1,Beer
736,26/08/2017,04/09/2017,9,2,Beer
737,28/08/2017,04/09/2017,7,2,Beer
738,01/09/2017,08/09/2017,7,2,Beer
740,28/08/2017,04/09/2017,7,2,Beer
741,25/08/2017,02/09/2017,8,0.5,Beer
745,28/08/2017,04/09/2017,7,1,Beer
746,30/08/2017,10/09/2017,11,0.5,Beer
750,28/08/2017,05/09/2017,8,1.5,Orange
751,28/08/2017,06/09/2017,9,0.5,Beer
752,02/09/2017,20/09/2017,18,1.5,Other
754,31/08/2017,06/09/2017,6,2,Beer
756,30/08/2017,06/09/2017,7,0.5,Beer
758,01/09/2017,07/09/2017,6,1,Beer
759,28/08/2017,04/09/2017,7,1.5,Orange
760,31/08/2017,09/09/2017,9,1,Beer
761,30/08/2017,06/09/2017,7,2,Beer
763,29/08/2017,04/09/2017,6,1.5,Beer
767,29/08/2017,05/09/2017,7,0.5,Orange
775,28/08/2017,03/09/2017,6,0.5,Beer
776,29/08/2017,05/09/2017,7,1.5,Beer
777,21/08/2017,28/08/2017,7,0.5,Orange
780,27/08/2017,03/09/2017,7,1.5,Beer
781,02/09/2017,09/09/2017,7,0.5,Beer
782,29/08/2017,05/09/2017,7,2,Beer
784,26/08/2017,02/09/2017,7,2,Orange
786,29/08/2017,05/09/2017,7,1,Beer
788,29/08/2017,05/09/2017,7,2,Beer
791,01/09/2017,08/09/2017,7,1,Orange
792,30/08/2017,06/09/2017,7,0.5,Beer
793,29/08/2017,05/09/2017,7,1,Beer
794,27/08/2017,04/09/2017,8,0.5,Orange
800,31/08/2017,07/09/2017,7,1,Beer
806,29/08/2017,05/09/2017,7,1.5,Beer
807,28/08/2017,04/09/2017,7,0.5,Orange
809,30/08/2017,05/09/2017,6,2,Beer
810,29/08/2017,05/09/2017,7,0.5,Orange
811,29/08/2017,05/09/2017,7,2,Orange
812,08/09/2017,15/09/2017,7,1,Beer
813,26/08/2017,02/09/2017,7,0.5,Beer
815,29/08/2017,10/09/2017,12,2,Orange
818,29/08/2017,14/09/2017,16,2,Beer
819,30/08/2017,07/09/2017,8,1,Beer
820,31/08/2017,07/09/2017,7,1,Beer
821,02/09/2017,09/09/2017,7,2,Orange
822,29/08/2017,05/09/2017,7,2,Orange
823,30/08/2017,06/09/2017,7,1.5,Beer
825,28/08/2017,04/09/2017,7,1,Beer
826,NA,NA,NA,NA,NA
829,30/08/2017,06/09/2017,7,2,Beer
830,02/09/2017,09/09/2017,7,1,Beer
832,29/08/2017,05/09/2017,7,2,Beer
833,29/08/2017,05/09/2017,7,1,Orange
835,31/08/2017,07/09/2017,7,2,Beer
837,01/09/2017,07/09/2017,6,1,Beer
838,30/08/2017,06/09/2017,7,2,Beer
839,29/08/2017,05/09/2017,7,0.5,Beer
841,01/09/2017,07/09/2017,6,1.5,Beer
842,02/09/2017,09/09/2017,7,1.5,Beer
845,01/09/2017,08/09/2017,7,1.5,Beer
847,31/08/2017,07/09/2017,7,0.5,Orange
848,24/08/2017,24/08/2017,0,0.5,Orange
850,30/08/2017,07/09/2017,8,1,Beer
851,31/08/2017,08/09/2017,8,2,Beer
852,28/08/2017,04/09/2017,7,2,Beer
854,03/09/2017,10/09/2017,7,2,Beer
855,26/08/2017,30/08/2017,4,0.5,Orange
856,27/08/2017,03/09/2017,7,2,Beer
857,07/09/2017,14/09/2017,7,1,Beer
858,28/08/2017,04/09/2017,7,2,Orange
859,26/08/2017,02/09/2017,7,2,Orange
860,25/08/2017,08/09/2017,14,1,Orange
861,31/08/2017,07/09/2017,7,2,Beer
862,24/08/2017,31/08/2017,7,0.5,Beer
866,02/09/2017,09/09/2017,7,1.5,Beer
868,31/08/2017,08/09/2017,8,1,Beer
870,31/08/2017,07/09/2017,7,0.5,Orange
873,02/09/2017,09/09/2017,7,2,Orange
875,03/09/2017,10/09/2017,7,2,Orange
876,30/08/2017,07/09/2017,8,0.5,Beer
877,31/08/2017,07/09/2017,7,2,Beer
879,30/08/2017,09/09/2017,10,0.5,Orange
880,24/08/2017,31/08/2017,7,0.5,Beer
881,01/09/2017,07/09/2017,6,0.5,Beer
882,24/08/2017,30/08/2017,6,1,Orange
884,23/08/2017,30/08/2017,7,2,Orange
885,30/08/2017,06/09/2017,7,1,Orange
886,31/08/2017,06/09/2017,6,1.5,Orange
889,30/08/2017,06/09/2017,7,2,Beer
890,30/08/2017,06/09/2017,7,2,Beer
892,31/08/2017,08/09/2017,8,0.5,Beer
894,01/09/2017,11/09/2017,10,2,Beer
895,NA,NA,NA,NA,NA
896,30/08/2017,06/09/2017,7,2,Beer
897,01/09/2017,08/09/2017,7,0.5,Orange
901,24/08/2017,31/08/2017,7,1.5,Orange
907,03/09/2017,11/09/2017,8,1.5,Beer
908,01/09/2017,08/09/2017,7,1.5,Beer
909,03/09/2017,10/09/2017,7,2,Beer
910,01/09/2017,14/09/2017,13,0.5,Beer
912,31/08/2017,07/09/2017,7,1,Orange
914,01/09/2017,07/09/2017,6,0.5,Beer
917,30/08/2017,06/09/2017,7,2,Beer
918,26/08/2017,02/09/2017,7,1,Beer
922,01/09/2017,10/09/2017,9,1.5,Beer
923,31/08/2017,07/09/2017,7,1,Beer
925,03/09/2017,10/09/2017,7,1,Beer
926,03/09/2017,11/09/2017,8,2,Beer
933,03/09/2017,11/09/2017,8,0.5,Beer
936,31/08/2017,07/09/2017,7,1,Beer
938,02/09/2017,09/09/2017,7,0.5,Beer
939,02/09/2017,09/09/2017,7,1.5,Beer
940,NA,NA,NA,NA,NA
941,07/09/2017,16/09/2017,9,2,Beer
943,01/09/2017,08/09/2017,7,0.5,Beer
946,31/08/2017,09/09/2017,9,2,Orange
947,01/09/2017,07/09/2017,6,2,Beer
949,02/09/2017,09/09/2017,7,0.5,Beer
953,01/09/2017,08/09/2017,7,2,Beer
955,04/09/2017,09/09/2017,5,1,Beer
957,01/09/2017,08/09/2017,7,2,Beer
958,31/08/2017,07/09/2017,7,1,Beer
959,31/08/2017,07/09/2017,7,0.5,Beer
960,01/09/2017,11/09/2017,10,1,Beer
962,04/09/2017,11/09/2017,7,1.5,Beer
963,03/09/2017,10/09/2017,7,1.5,Beer
964,01/09/2017,08/09/2017,7,1,Beer
965,03/09/2017,10/09/2017,7,1,Beer
966,03/09/2017,11/09/2017,8,1,Beer
968,29/08/2017,07/09/2017,9,1,Orange
969,01/09/2017,07/09/2017,6,2,Beer
971,04/09/2017,11/09/2017,7,2,Beer
975,01/09/2017,08/09/2017,7,1.5,Orange
976,01/09/2017,08/09/2017,7,1.5,Beer
977,05/09/2017,12/09/2017,7,1,Beer
979,31/08/2017,06/09/2017,6,1.5,Beer
982,08/09/2017,17/09/2017,9,0.5,Orange
984,02/09/2017,10/09/2017,8,1.5,Beer
986,02/09/2017,09/09/2017,7,1.5,Beer
988,02/09/2017,09/09/2017,7,2,Beer
990,03/09/2017,10/09/2017,7,2,Beer
991,01/09/2017,08/09/2017,7,1.5,Beer
993,31/08/2017,07/09/2017,7,2,Beer
994,31/08/2017,06/09/2017,6,1,Beer
996,31/08/2017,07/09/2017,7,2,Beer
997,07/09/2017,14/09/2017,7,2,Orange
998,01/09/2017,08/09/2017,7,0.5,Beer
999,31/08/2017,07/09/2017,7,1,Beer
1003,08/09/2017,18/09/2017,10,2,Beer
1004,02/09/2017,09/09/2017,7,1,Beer
1005,31/08/2017,07/09/2017,7,2,Orange
1009,31/08/2017,07/09/2017,7,0.5,Orange
1010,01/09/2017,08/09/2017,7,1,Beer
1011,04/09/2017,11/09/2017,7,1,Beer
1012,01/09/2017,08/09/2017,7,1.5,Beer
1013,31/08/2017,07/09/2017,7,0.5,Beer
1014,03/09/2017,10/09/2017,7,0.5,Beer
1015,06/09/2017,13/09/2017,7,1,Beer
1017,05/09/2017,12/09/2017,7,1,Beer
1020,01/09/2017,10/09/2017,9,0.5,Beer
1023,NA,NA,NA,NA,NA
1026,03/09/2017,10/09/2017,7,1.5,Beer
1028,31/08/2017,07/09/2017,7,2,Beer
1029,02/09/2017,02/09/2017,0,1.5,Beer
1031,02/09/2017,09/09/2017,7,0.5,Beer
1033,31/08/2017,07/09/2017,7,1.5,Beer
1036,02/09/2017,09/09/2017,7,2,Orange
1038,24/08/2017,31/08/2017,7,1.5,Beer
1042,04/09/2017,11/09/2017,7,1.5,Beer
1043,04/09/2017,11/09/2017,7,1,Beer
1044,03/09/2017,09/09/2017,6,2,Beer
1048,07/09/2017,16/09/2017,9,2,Beer
1049,NA,NA,NA,NA,NA
1051,06/09/2017,13/09/2017,7,1.5,Beer
1052,01/09/2017,09/09/2017,8,2,Orange
1053,03/09/2017,10/09/2017,7,0.5,Beer
1056,04/09/2017,11/09/2017,7,2,Orange
1057,29/08/2017,05/09/2017,7,2,Orange
1058,03/09/2017,10/09/2017,7,1.5,Beer
1059,02/09/2017,09/09/2017,7,1,Beer
1060,03/09/2017,10/09/2017,7,1,Beer
1062,02/09/2017,09/09/2017,7,2,Beer
1065,01/09/2017,08/09/2017,7,1.5,Beer
1067,02/09/2017,10/09/2017,8,1,Orange
1068,02/09/2017,09/09/2017,7,1.5,Beer
1070,31/08/2017,07/09/2017,7,1.5,Beer
1071,31/08/2017,07/09/2017,7,1.5,Beer
1072,06/09/2017,14/09/2017,8,2,Beer
1073,01/09/2017,08/09/2017,7,0.5,Beer
1075,31/08/2017,07/09/2017,7,1,Beer
1077,04/09/2017,11/09/2017,7,1,Beer
1078,31/08/2017,07/09/2017,7,0.5,Orange
1079,02/09/2017,09/09/2017,7,2,Beer
1080,02/09/2017,10/09/2017,8,2,Beer
1081,02/09/2017,09/09/2017,7,1.5,Beer
1082,02/09/2017,09/09/2017,7,0.5,Orange
1083,04/09/2017,11/09/2017,7,0.5,Beer
1084,02/09/2017,09/09/2017,7,1,Beer
1086,31/08/2017,07/09/2017,7,2,Beer
1087,30/08/2017,04/09/2017,5,0.5,Beer
1092,01/09/2017,08/09/2017,7,2,Beer
1093,03/09/2017,10/09/2017,7,1,Beer
1094,01/09/2017,08/09/2017,7,0.5,Beer
1095,08/09/2017,16/09/2017,8,0.5,Beer
1098,02/09/2017,09/09/2017,7,1.5,Beer
1099,02/09/2017,09/09/2017,7,2,Beer
1100,31/08/2017,06/09/2017,6,2,Orange
1103,01/09/2017,08/09/2017,7,2,Beer
1106,01/09/2017,09/09/2017,8,2,Beer
1107,02/09/2017,09/09/2017,7,0.5,Orange
1108,01/09/2017,08/09/2017,7,1.5,Orange
1112,01/09/2017,08/09/2017,7,1.5,Beer
1115,01/09/2017,08/09/2017,7,1,Beer
1119,04/09/2017,12/09/2017,8,1,Beer
1121,31/08/2017,06/09/2017,6,1,Beer
1122,24/08/2017,01/09/2017,8,1,Orange
1123,03/09/2017,10/09/2017,7,1,Orange
1125,02/09/2017,09/09/2017,7,2,Beer
1126,02/09/2017,09/09/2017,7,0.5,Orange
1127,02/09/2017,10/09/2017,8,1.5,Beer
1128,04/09/2017,11/09/2017,7,2,Beer
1129,02/09/2017,09/09/2017,7,1.5,Beer
1133,07/09/2017,15/09/2017,8,0.5,Apple juice
1135,01/09/2017,11/09/2017,10,1,Beer
1148,03/09/2017,10/09/2017,7,2,Beer
1149,05/09/2017,12/09/2017,7,0.5,Beer
1150,01/09/2017,10/09/2017,9,0.5,Beer
1151,01/09/2017,08/09/2017,7,0.5,Beer
1152,NA,NA,NA,NA,NA
1153,01/09/2017,08/09/2017,7,2,Beer
1157,04/09/2017,11/09/2017,7,2,Beer
1159,04/09/2017,10/09/2017,6,2,Beer
1163,04/09/2017,06/09/2017,2,1,Beer
1166,02/09/2017,09/09/2017,7,2,Beer
1167,26/08/2017,02/09/2017,7,2,Beer
1168,31/08/2017,07/09/2017,7,1.5,Orange
1169,06/09/2017,13/09/2017,7,0.5,Beer
1172,04/09/2017,12/09/2017,8,0.5,Beer
1173,31/08/2017,07/09/2017,7,2,Beer
1177,03/09/2017,10/09/2017,7,1,Beer
1180,04/09/2017,11/09/2017,7,1.5,Beer
1184,01/09/2017,08/09/2017,7,2,Beer
1186,02/09/2017,09/09/2017,7,1,Beer
1187,01/09/2017,08/09/2017,7,2,Beer
1188,29/08/2017,05/09/2017,7,1,Orange
1189,04/09/2017,11/09/2017,7,2,Beer
1190,02/09/2017,09/09/2017,7,1,Beer
1191,02/09/2017,09/09/2017,7,2,Beer
1196,01/09/2017,07/09/2017,6,0.5,Beer
1199,02/09/2017,09/09/2017,7,1,Beer
1200,02/09/2017,10/09/2017,8,2,Beer
1201,03/09/2017,10/09/2017,7,1.5,Beer
1205,03/09/2017,10/09/2017,7,1,Beer
1206,03/09/2017,10/09/2017,7,1,Beer
1207,02/09/2017,09/09/2017,7,1.5,Beer
1210,NA,NA,NA,NA,NA
1214,07/09/2017,13/09/2017,6,0.5,Orange
1215,02/09/2017,09/09/2017,7,1.5,Beer
1216,05/09/2017,13/09/2017,8,1.5,Beer
1217,02/09/2017,10/09/2017,8,2,Beer
1218,01/09/2017,08/09/2017,7,2,Beer
1223,02/09/2017,10/09/2017,8,0.5,Beer
1226,04/09/2017,17/09/2017,13,1.5,Beer
1227,01/09/2017,15/09/2017,14,1.5,Beer
1228,01/09/2017,07/09/2017,6,0.5,Beer
1229,07/09/2017,14/09/2017,7,1,Beer
1235,03/09/2017,10/09/2017,7,2,Orange
1236,01/09/2017,07/09/2017,6,1.5,Beer
1237,03/09/2017,11/09/2017,8,2,Beer
1238,02/09/2017,09/09/2017,7,1.5,Beer
1239,01/09/2017,08/09/2017,7,1.5,Orange
1241,01/09/2017,11/09/2017,10,2,Orange
1243,03/09/2017,11/09/2017,8,1,Orange
1248,01/09/2017,08/09/2017,7,1,Beer
1250,01/09/2017,09/09/2017,8,2,Beer
1251,08/09/2017,16/09/2017,8,1,Beer
1252,04/09/2017,11/09/2017,7,2,Beer
1254,01/09/2017,08/09/2017,7,1,Beer
1257,02/09/2017,08/09/2017,6,0.5,Beer
1258,02/09/2017,16/09/2017,14,2,Beer
1259,02/09/2017,10/09/2017,8,1,Beer
1263,02/09/2017,09/09/2017,7,2,Beer
1265,08/09/2017,15/09/2017,7,0.5,Orange
1268,04/09/2017,12/09/2017,8,1.5,Beer
1269,03/09/2017,10/09/2017,7,1.5,Beer
1271,07/09/2017,11/09/2017,4,1,Beer
1272,01/09/2017,07/09/2017,6,1,Beer
1273,06/09/2017,13/09/2017,7,0.5,Orange
1274,02/09/2017,10/09/2017,8,2,Beer
1276,01/09/2017,08/09/2017,7,1.5,Beer
1278,06/09/2017,15/09/2017,9,2,Orange
1279,04/09/2017,11/09/2017,7,0.5,Orange
1280,03/09/2017,10/09/2017,7,2,Orange
1281,25/08/2017,01/09/2017,7,1,Beer
1282,01/09/2017,09/09/2017,8,0.5,Beer
1284,NA,NA,NA,NA,NA
1285,02/09/2017,09/09/2017,7,1.5,Beer
1287,03/09/2017,14/09/2017,11,0.5,Beer
1288,03/09/2017,10/09/2017,7,1.5,Beer
1289,03/09/2017,10/09/2017,7,0.5,Orange
1292,03/09/2017,10/09/2017,7,1,Beer
1293,01/09/2017,08/09/2017,7,0.5,Beer
1294,04/09/2017,11/09/2017,7,1.5,Beer
1298,02/09/2017,09/09/2017,7,1.5,Beer
1299,06/09/2017,13/09/2017,7,1,Orange
1301,01/09/2017,08/09/2017,7,1,Beer
1302,01/09/2017,08/09/2017,7,2,Beer
1304,02/09/2017,08/09/2017,6,1.5,Beer
1306,08/09/2017,17/09/2017,9,2,Beer
1309,01/09/2017,07/09/2017,6,1,Beer
1311,01/09/2017,08/09/2017,7,1,Beer
1312,02/09/2017,09/09/2017,7,0.5,Beer
1313,01/09/2017,11/09/2017,10,1.5,Beer
1314,02/09/2017,09/09/2017,7,1,Orange
1315,02/09/2017,09/09/2017,7,0.5,Beer
1317,04/09/2017,11/09/2017,7,2,Beer
1318,03/09/2017,11/09/2017,8,1,Orange
1323,01/09/2017,08/09/2017,7,0.5,Orange
1326,NA,NA,NA,NA,NA
1327,01/09/2017,08/09/2017,7,2,Beer
1329,01/09/2017,09/09/2017,8,0.5,Beer
1330,03/09/2017,10/09/2017,7,2,Beer
1331,31/08/2017,07/09/2017,7,1,Beer
1332,01/09/2017,08/09/2017,7,2,Beer
1335,08/09/2017,15/09/2017,7,1,Beer
1337,26/08/2017,02/09/2017,7,0.5,Orange
1338,02/09/2017,09/09/2017,7,2,Beer
1339,24/08/2017,01/09/2017,8,0.5,Beer
1340,04/09/2017,11/09/2017,7,1.5,Beer
1341,01/09/2017,08/09/2017,7,0.5,Orange
1343,05/09/2017,12/09/2017,7,1,Beer
1344,07/09/2017,15/09/2017,8,1.5,Beer
1345,01/09/2017,09/09/2017,8,2,Beer
1348,04/09/2017,11/09/2017,7,1,Beer
1351,02/09/2017,11/09/2017,9,0.5,Orange
1352,04/09/2017,12/09/2017,8,2,Beer
1353,02/09/2017,08/09/2017,6,1,Beer
1356,31/08/2017,07/09/2017,7,0.5,Beer
1357,31/08/2017,03/09/2017,3,1.5,Beer
1360,02/09/2017,10/09/2017,8,0.5,Beer
1362,27/08/2017,01/09/2017,5,1,Beer
1365,02/09/2017,09/09/2017,7,1,Orange
1368,01/09/2017,08/09/2017,7,0.5,Beer
1369,02/09/2017,09/09/2017,7,1,Beer
1370,03/09/2017,10/09/2017,7,2,Beer
1371,25/08/2017,01/09/2017,7,0.5,Beer
1373,03/09/2017,13/09/2017,10,0.5,Orange
1375,06/09/2017,13/09/2017,7,2,Beer
1377,24/08/2017,03/09/2017,10,1,Beer
1378,01/09/2017,08/09/2017,7,1,Beer
1380,25/08/2017,31/08/2017,6,2,Orange
1383,07/09/2017,14/09/2017,7,1.5,Beer
1384,NA,NA,NA,NA,NA
1385,03/09/2017,09/09/2017,6,0.5,Beer
1387,08/09/2017,16/09/2017,8,1.5,Beer
1388,01/09/2017,08/09/2017,7,2,Beer
1390,30/08/2017,06/09/2017,7,1.5,Orange
1391,05/09/2017,09/09/2017,4,1,Orange
1395,27/08/2017,03/09/2017,7,2,Orange
1397,25/08/2017,01/09/2017,7,2,Orange
1400,25/08/2017,01/09/2017,7,1,Beer
1401,05/09/2017,12/09/2017,7,1,Orange
1403,24/08/2017,01/09/2017,8,2,Orange
1404,02/09/2017,12/09/2017,10,0.5,Orange
1405,01/09/2017,11/09/2017,10,1.5,Beer
1406,04/09/2017,11/09/2017,7,2,Beer
1408,01/09/2017,08/09/2017,7,1,Beer
1409,02/09/2017,09/09/2017,7,1.5,Beer
1410,02/09/2017,09/09/2017,7,2,Orange
1411,03/09/2017,10/09/2017,7,1,Orange
1412,03/09/2017,10/09/2017,7,2,Beer
1417,02/09/2017,10/09/2017,8,2,Beer
1424,03/09/2017,12/09/2017,9,1,Beer
1425,06/09/2017,11/09/2017,5,0.5,Beer
1427,02/09/2017,10/09/2017,8,1,Beer
1428,01/09/2017,08/09/2017,7,0.5,Beer
1430,02/09/2017,10/09/2017,8,1,Orange
1431,01/09/2017,08/09/2017,7,0.5,Beer
1432,02/09/2017,09/09/2017,7,2,Beer
1433,27/08/2017,03/09/2017,7,0.5,Beer
1434,03/09/2017,12/09/2017,9,2,Orange
1436,08/09/2017,18/09/2017,10,1,Beer
1437,03/09/2017,09/09/2017,6,2,Beer
1438,01/09/2017,08/09/2017,7,1,Beer
1439,06/09/2017,14/09/2017,8,2,Beer
1440,02/09/2017,11/09/2017,9,1,Orange
1441,02/09/2017,10/09/2017,8,0.5,Orange
1442,26/08/2017,02/09/2017,7,0.5,Beer
1444,03/09/2017,11/09/2017,8,0.5,Beer
1446,01/09/2017,10/09/2017,9,1,Beer
1447,02/09/2017,09/09/2017,7,2,Orange
1448,02/09/2017,09/09/2017,7,2,Orange
1449,02/09/2017,09/09/2017,7,0.5,Beer
1450,03/09/2017,11/09/2017,8,0.5,Beer
1451,02/09/2017,09/09/2017,7,2,Beer
1452,26/08/2017,02/09/2017,7,2,Beer
1454,02/09/2017,12/09/2017,10,2,Beer
1455,02/09/2017,09/09/2017,7,1,Beer
1456,04/09/2017,11/09/2017,7,0.5,Beer
1457,03/09/2017,10/09/2017,7,0.5,Beer
1458,02/09/2017,09/09/2017,7,0.5,Orange
1459,03/09/2017,10/09/2017,7,1.5,Beer
1460,02/09/2017,09/09/2017,7,2,Beer
1461,04/09/2017,11/09/2017,7,2,Beer
1462,02/09/2017,09/09/2017,7,1.5,Beer
1464,02/09/2017,09/09/2017,7,2,Beer
1467,02/09/2017,09/09/2017,7,2,Beer
1469,02/09/2017,09/09/2017,7,1.5,Beer
1470,03/09/2017,10/09/2017,7,0.5,Beer
1471,26/08/2017,02/09/2017,7,1,Beer
1472,02/09/2017,09/09/2017,7,0.5,Orange
1474,05/09/2017,11/09/2017,6,1.5,Orange
1475,27/08/2017,03/09/2017,7,0.5,Beer
1476,03/09/2017,10/09/2017,7,1.5,Beer
1477,02/09/2017,09/09/2017,7,1.5,Beer
1478,26/08/2017,02/09/2017,7,2,Orange
1481,03/09/2017,12/09/2017,9,1.5,Orange
1482,08/09/2017,15/09/2017,7,0.5,Beer
1483,04/09/2017,11/09/2017,7,1,Beer
1485,26/08/2017,02/09/2017,7,1.5,Orange
1486,04/09/2017,11/09/2017,7,2,Orange
1487,31/08/2017,10/09/2017,10,1,Orange
1491,03/09/2017,10/09/2017,7,1,Beer
1492,03/09/2017,10/09/2017,7,1,Beer
1493,03/09/2017,10/09/2017,7,1,Beer
1496,08/09/2017,14/09/2017,6,1,Beer
1499,03/09/2017,10/09/2017,7,1.5,Orange
1500,03/09/2017,10/09/2017,7,1.5,Beer
1503,26/08/2017,02/09/2017,7,1.5,Orange
1504,03/09/2017,10/09/2017,7,1,Beer
1506,07/09/2017,14/09/2017,7,1.5,Beer
1509,03/09/2017,14/09/2017,11,1,Beer
1513,03/09/2017,10/09/2017,7,1.5,Beer
1514,27/08/2017,03/09/2017,7,2,Beer
1515,06/09/2017,13/09/2017,7,0.5,Beer
1518,03/09/2017,10/09/2017,7,2,Beer
1519,29/08/2017,05/09/2017,7,1.5,Beer
1520,24/08/2017,31/08/2017,7,1,Orange
1521,07/09/2017,14/09/2017,7,0.5,Beer
1523,27/08/2017,03/09/2017,7,2,Orange
1524,03/09/2017,10/09/2017,7,2,Beer
1526,31/08/2017,07/09/2017,7,2,Beer
1529,03/09/2017,10/09/2017,7,2,Beer
1535,04/09/2017,13/09/2017,9,0.5,Beer
1537,03/09/2017,10/09/2017,7,2,Beer
1539,05/09/2017,12/09/2017,7,2,Beer
1540,04/09/2017,11/09/2017,7,1.5,Beer
1541,03/09/2017,11/09/2017,8,2,Beer
1544,03/09/2017,10/09/2017,7,0.5,Beer
1545,01/09/2017,10/09/2017,9,0.5,Orange
1546,04/09/2017,10/09/2017,6,1,Beer
1547,05/09/2017,13/09/2017,8,1,Beer
1550,05/09/2017,12/09/2017,7,2,Beer
1554,03/09/2017,11/09/2017,8,1.5,Beer
1555,NA,NA,NA,NA,NA
1560,08/09/2017,15/09/2017,7,1,Beer
1562,NA,NA,NA,NA,NA
1563,03/09/2017,12/09/2017,9,2,Beer
1565,03/09/2017,10/09/2017,7,1,Beer
1568,03/09/2017,10/09/2017,7,2,Beer
1569,02/09/2017,10/09/2017,8,2,Beer
1573,03/09/2017,10/09/2017,7,0.5,Orange
1575,06/09/2017,13/09/2017,7,1.5,Beer
1577,03/09/2017,11/09/2017,8,1.5,Beer
1579,03/09/2017,10/09/2017,7,0.5,Beer
1580,03/09/2017,12/09/2017,9,0.5,Orange
1581,04/09/2017,09/09/2017,5,2,Beer
1583,27/08/2017,02/09/2017,6,0.5,Beer
1584,03/09/2017,11/09/2017,8,1,Beer
1586,02/09/2017,09/09/2017,7,0.5,Beer
1589,06/09/2017,13/09/2017,7,1,Orange
1590,05/09/2017,12/09/2017,7,2,Orange
1592,03/09/2017,10/09/2017,7,1,Orange
1594,04/09/2017,13/09/2017,9,0.5,Beer
1596,03/09/2017,10/09/2017,7,1.5,Beer
1599,05/09/2017,12/09/2017,7,1,Beer
1600,02/09/2017,09/09/2017,7,1,Beer
1602,05/09/2017,08/09/2017,3,2,Orange
1604,05/09/2017,12/09/2017,7,2,Orange
1605,07/09/2017,16/09/2017,9,0.5,Beer
1606,05/09/2017,12/09/2017,7,2,Beer
1612,03/09/2017,10/09/2017,7,0.5,Beer
1613,03/09/2017,10/09/2017,7,1,Beer
1614,03/09/2017,10/09/2017,7,1,Beer
1616,03/09/2017,10/09/2017,7,1,Beer
1617,04/09/2017,12/09/2017,8,1.5,Orange
1618,03/09/2017,10/09/2017,7,2,Beer
1619,05/09/2017,13/09/2017,8,1,Beer
1621,NA,NA,NA,NA,NA
1622,04/09/2017,12/09/2017,8,0.5,Beer
1623,02/09/2017,09/09/2017,7,1,Beer
1624,06/09/2017,12/09/2017,6,0.5,Beer
1625,03/09/2017,10/09/2017,7,1,Beer
1629,03/09/2017,10/09/2017,7,0.5,Beer
1630,04/09/2017,11/09/2017,7,1,Beer
1632,06/09/2017,12/09/2017,6,2,Beer
1633,03/09/2017,10/09/2017,7,1.5,Beer
1634,06/09/2017,13/09/2017,7,1.5,Beer
1635,04/09/2017,11/09/2017,7,0.5,Beer
1637,03/09/2017,10/09/2017,7,1,Beer
1641,03/09/2017,10/09/2017,7,1,Beer
1644,30/08/2017,15/09/2017,16,0.5,Beer
1645,03/09/2017,18/09/2017,15,1.5,Beer
1646,03/09/2017,11/09/2017,8,2,Beer
1647,04/09/2017,11/09/2017,7,1.5,Beer
1648,04/09/2017,10/09/2017,6,1,Beer
1649,03/09/2017,10/09/2017,7,1,Beer
1651,03/09/2017,10/09/2017,7,2,Orange
1653,04/09/2017,12/09/2017,8,1.5,Beer
1654,04/09/2017,11/09/2017,7,1,Beer
1655,03/09/2017,10/09/2017,7,2,Beer
1657,06/09/2017,13/09/2017,7,1.5,Orange
1659,03/09/2017,09/09/2017,6,2,Beer
1660,04/09/2017,11/09/2017,7,2,Beer
1661,03/09/2017,10/09/2017,7,1.5,Beer
1662,05/09/2017,12/09/2017,7,0.5,Beer
1663,03/09/2017,10/09/2017,7,2,Beer
1664,03/09/2017,10/09/2017,7,2,Orange
1665,04/09/2017,11/09/2017,7,1,Beer
1668,02/09/2017,10/09/2017,8,2,Beer
1670,03/09/2017,10/09/2017,7,2,Beer
1672,06/09/2017,12/09/2017,6,1,Beer
1673,02/09/2017,11/09/2017,9,2,Orange
1674,03/09/2017,10/09/2017,7,1,Beer
1675,08/09/2017,16/09/2017,8,1,Beer
1680,04/09/2017,11/09/2017,7,2,Beer
1683,26/08/2017,10/09/2017,15,0.5,Beer
1684,07/09/2017,14/09/2017,7,1.5,Beer
1685,03/09/2017,10/09/2017,7,1.5,Beer
1687,03/09/2017,10/09/2017,7,2,Orange
1689,03/09/2017,10/09/2017,7,2,Beer
1691,03/09/2017,10/09/2017,7,0.5,Beer
1699,03/09/2017,10/09/2017,7,1,Beer
1700,03/09/2017,13/09/2017,10,1.5,Beer
1701,04/09/2017,11/09/2017,7,1,Beer
1702,24/08/2017,11/09/2017,18,1,Beer
1707,04/09/2017,14/09/2017,10,0.5,Orange
1708,06/09/2017,13/09/2017,7,1,Beer
1711,03/09/2017,10/09/2017,7,0.5,Beer
1715,04/09/2017,11/09/2017,7,1.5,Beer
1717,03/09/2017,11/09/2017,8,1,Beer
1718,03/09/2017,10/09/2017,7,2,Orange
1721,03/09/2017,10/09/2017,7,1,Beer
1723,04/09/2017,11/09/2017,7,2,Beer
1724,03/09/2017,10/09/2017,7,1.5,Beer
1725,04/09/2017,12/09/2017,8,2,Beer
1726,04/09/2017,11/09/2017,7,1.5,Beer
1728,28/08/2017,04/09/2017,7,2,Beer
1729,03/09/2017,11/09/2017,8,2,Beer
1731,03/09/2017,10/09/2017,7,1.5,Beer
1732,03/09/2017,11/09/2017,8,2,Orange
1736,02/09/2017,09/09/2017,7,2,Beer
1737,04/09/2017,11/09/2017,7,1,Beer
1739,09/09/2017,12/09/2017,3,2,Beer
1740,03/09/2017,10/09/2017,7,1,Beer
1741,04/09/2017,11/09/2017,7,1,Beer
1747,NA,NA,NA,NA,NA
1748,05/09/2017,12/09/2017,7,1,Beer
1749,28/08/2017,04/09/2017,7,1,Beer
1751,04/09/2017,10/09/2017,6,1,Beer
1752,04/09/2017,12/09/2017,8,0.5,Beer
1755,04/09/2017,11/09/2017,7,2,Beer
1756,05/09/2017,12/09/2017,7,0.5,Orange
1758,05/09/2017,11/09/2017,6,2,Beer
1763,05/09/2017,10/09/2017,5,0.5,Beer
1765,03/09/2017,09/09/2017,6,1,Beer
1766,04/09/2017,11/09/2017,7,1,Beer
1768,04/09/2017,13/09/2017,9,1.5,Orange
1769,31/08/2017,02/09/2017,2,0.5,Orange
1770,03/09/2017,10/09/2017,7,2,Beer
1771,04/09/2017,11/09/2017,7,2,Beer
1781,04/09/2017,10/09/2017,6,1,Beer
1782,04/09/2017,11/09/2017,7,1,Beer
1784,03/09/2017,11/09/2017,8,2,Beer
1785,06/09/2017,14/09/2017,8,2,Beer
1787,03/09/2017,10/09/2017,7,0.5,Beer
1788,04/09/2017,11/09/2017,7,0.5,Beer
1789,05/09/2017,13/09/2017,8,0.5,Beer
1790,04/09/2017,11/09/2017,7,2,Orange
1792,04/09/2017,11/09/2017,7,0.5,Orange
1793,04/09/2017,11/09/2017,7,0.5,Beer
1795,03/09/2017,10/09/2017,7,2,Orange
1797,03/09/2017,09/09/2017,6,1,Beer
1804,04/09/2017,11/09/2017,7,1,Beer
1806,04/09/2017,10/09/2017,6,0.5,Beer
1807,30/08/2017,08/09/2017,9,0.5,Beer
1811,04/09/2017,11/09/2017,7,0.5,Beer
1812,03/09/2017,10/09/2017,7,0.5,Beer
1813,03/09/2017,11/09/2017,8,0.5,Beer
1816,03/09/2017,10/09/2017,7,1,Orange
1817,03/09/2017,10/09/2017,7,1,Orange
1820,03/09/2017,10/09/2017,7,2,Beer
1822,08/09/2017,15/09/2017,7,1.5,Beer
1824,05/09/2017,12/09/2017,7,1.5,Beer
1825,03/09/2017,11/09/2017,8,1.5,Beer
1826,NA,NA,NA,NA,NA
1828,03/09/2017,10/09/2017,7,1.5,Beer
1829,03/09/2017,10/09/2017,7,0.5,Beer
1831,04/09/2017,11/09/2017,7,0.5,Beer
1834,04/09/2017,10/09/2017,6,1.5,Beer
1835,03/09/2017,10/09/2017,7,1.5,Beer
1836,04/09/2017,11/09/2017,7,2,Beer
1837,24/08/2017,02/09/2017,9,0.5,Orange
1838,03/09/2017,10/09/2017,7,0.5,Beer
1840,04/09/2017,11/09/2017,7,2,Beer
1842,07/09/2017,14/09/2017,7,2,Orange
1844,NA,NA,NA,NA,NA
1845,04/09/2017,12/09/2017,8,1,Orange
1846,04/09/2017,11/09/2017,7,0.5,Beer
1847,04/09/2017,11/09/2017,7,1,Beer
1850,04/09/2017,12/09/2017,8,0.5,Beer
1853,06/09/2017,14/09/2017,8,1,Beer
1856,03/09/2017,10/09/2017,7,0.5,Beer
1857,07/09/2017,14/09/2017,7,1.5,Beer
1858,03/09/2017,10/09/2017,7,1,Orange
1859,04/09/2017,10/09/2017,6,2,Beer
1860,03/09/2017,10/09/2017,7,0.5,Beer
1862,03/09/2017,10/09/2017,7,0.5,Beer
1863,05/09/2017,12/09/2017,7,2,Beer
1864,29/08/2017,05/09/2017,7,0.5,Beer
1865,04/09/2017,11/09/2017,7,1,Beer
1866,04/09/2017,10/09/2017,6,2,Orange
1867,04/09/2017,10/09/2017,6,1,Beer
1868,27/08/2017,03/09/2017,7,1.5,Beer
1870,30/08/2017,06/09/2017,7,1,Beer
1873,08/09/2017,20/09/2017,12,1.5,Beer
1875,03/09/2017,10/09/2017,7,1.5,Beer
1877,03/09/2017,10/09/2017,7,1.5,Beer
1878,04/09/2017,10/09/2017,6,0.5,Orange
1880,04/09/2017,11/09/2017,7,0.5,Beer
1881,04/09/2017,11/09/2017,7,0.5,Beer
1882,03/09/2017,11/09/2017,8,1,Beer
1884,03/09/2017,10/09/2017,7,1.5,Beer
1886,04/09/2017,11/09/2017,7,2,Beer
1887,04/09/2017,10/09/2017,6,0.5,Beer
1888,06/09/2017,13/09/2017,7,1.5,Beer
1890,03/09/2017,10/09/2017,7,1,Orange
1892,04/09/2017,11/09/2017,7,0.5,Beer
1893,03/09/2017,10/09/2017,7,0.5,Beer
1894,04/09/2017,11/09/2017,7,1.5,Beer
1898,NA,NA,NA,NA,NA
1900,05/09/2017,12/09/2017,7,1.5,Beer
1902,05/09/2017,12/09/2017,7,0.5,Beer
1903,04/09/2017,11/09/2017,7,0.5,Beer
1904,02/09/2017,11/09/2017,9,2,Beer
1909,06/09/2017,13/09/2017,7,2,Beer
1910,NA,NA,NA,NA,NA
1912,NA,NA,NA,NA,NA
1914,NA,NA,NA,NA,NA
1916,04/09/2017,11/09/2017,7,1.5,Beer
1918,04/09/2017,10/09/2017,6,1,Beer
1919,05/09/2017,14/09/2017,9,1,Beer
1922,02/09/2017,10/09/2017,8,2,Beer
1923,04/09/2017,12/09/2017,8,2,Beer
1924,26/08/2017,10/09/2017,15,2,Beer
1925,03/09/2017,10/09/2017,7,2,Beer
1926,04/09/2017,11/09/2017,7,2,Beer
1927,04/09/2017,12/09/2017,8,0.5,Beer
1928,04/09/2017,11/09/2017,7,0.5,Beer
1929,03/09/2017,10/09/2017,7,0.5,Orange
1930,06/09/2017,13/09/2017,7,0.5,Beer
1931,02/09/2017,09/09/2017,7,1,Beer
1932,07/09/2017,14/09/2017,7,1,Beer
1933,05/09/2017,12/09/2017,7,2,Orange
1934,03/09/2017,12/09/2017,9,1,Beer
1936,NA,NA,NA,NA,NA
1938,NA,NA,NA,NA,NA
1939,03/09/2017,11/09/2017,8,2,Beer
1942,08/09/2017,15/09/2017,7,2,Orange
1945,26/08/2017,02/09/2017,7,1.5,Beer
1947,04/09/2017,11/09/2017,7,2,Beer
1948,04/09/2017,11/09/2017,7,1,Orange
1949,04/09/2017,11/09/2017,7,0.5,Beer
1951,04/09/2017,11/09/2017,7,1,Beer
1952,03/09/2017,10/09/2017,7,1.5,Beer
1953,07/09/2017,11/09/2017,4,1,Orange
1954,04/09/2017,10/09/2017,6,1.5,Beer
1955,02/09/2017,11/09/2017,9,1,Beer
1956,04/09/2017,07/09/2017,3,1.5,Beer
1957,04/09/2017,11/09/2017,7,1,Beer
1958,03/09/2017,07/09/2017,4,0.5,Orange
1959,04/09/2017,11/09/2017,7,1,Beer
1961,04/09/2017,11/09/2017,7,2,Beer
1962,04/09/2017,08/09/2017,4,2,Beer
1963,05/09/2017,12/09/2017,7,1,Orange
1964,04/09/2017,11/09/2017,7,0.5,Orange
1965,03/09/2017,10/09/2017,7,1,Orange
1966,04/09/2017,11/09/2017,7,2,Beer
1967,02/09/2017,09/09/2017,7,1.5,Orange
1969,04/09/2017,11/09/2017,7,1,Beer
1970,04/09/2017,11/09/2017,7,1.5,Beer
1971,04/09/2017,11/09/2017,7,1.5,Beer
1973,04/09/2017,10/09/2017,6,1,Orange
1974,06/09/2017,20/09/2017,14,2,Beer
1977,08/09/2017,15/09/2017,7,2,Beer
1978,03/09/2017,10/09/2017,7,0.5,Beer
1979,04/09/2017,11/09/2017,7,2,Beer
1980,04/09/2017,11/09/2017,7,2,Beer
1983,04/09/2017,11/09/2017,7,2,Beer
1986,04/09/2017,11/09/2017,7,1.5,Beer
1987,04/09/2017,10/09/2017,6,1,Beer
1988,05/09/2017,11/09/2017,6,1.5,Beer
1991,04/09/2017,11/09/2017,7,2,Orange
1992,04/09/2017,11/09/2017,7,1.5,Beer
1993,25/08/2017,01/09/2017,7,2,Beer
1994,05/09/2017,12/09/2017,7,0.5,Orange
1995,04/09/2017,11/09/2017,7,1,Beer
1999,04/09/2017,11/09/2017,7,1,Beer
2000,04/09/2017,10/09/2017,6,2,Orange
2001,04/09/2017,11/09/2017,7,2,Beer
2003,04/09/2017,11/09/2017,7,1,Beer
2004,04/09/2017,11/09/2017,7,1,Orange
2006,04/09/2017,11/09/2017,7,1,Beer
2007,03/09/2017,10/09/2017,7,1.5,Beer
2009,NA,NA,NA,NA,NA
2010,04/09/2017,11/09/2017,7,1.5,Orange
2011,04/09/2017,11/09/2017,7,2,Beer
2015,04/09/2017,11/09/2017,7,2,Beer
2016,04/09/2017,11/09/2017,7,1.5,Beer
2017,04/09/2017,11/09/2017,7,1,Beer
2018,04/09/2017,11/09/2017,7,2,Beer
2020,05/09/2017,12/09/2017,7,2,Beer
2023,04/09/2017,11/09/2017,7,2,Orange
2024,04/09/2017,11/09/2017,7,2,Beer
2028,03/09/2017,10/09/2017,7,1,Orange
2029,03/09/2017,10/09/2017,7,0.5,Beer
2030,04/09/2017,10/09/2017,6,0.5,Beer
2031,04/09/2017,13/09/2017,9,0.5,Orange
2033,04/09/2017,15/09/2017,11,0.5,Beer
2035,02/09/2017,09/09/2017,7,0.5,Orange
2036,04/09/2017,11/09/2017,7,1,Beer
2037,03/09/2017,10/09/2017,7,1,Orange
2038,04/09/2017,11/09/2017,7,1.5,Beer
2042,03/09/2017,11/09/2017,8,1,Orange
2044,04/09/2017,11/09/2017,7,0.5,Beer
2045,26/08/2017,02/09/2017,7,1.5,Beer
2046,04/09/2017,04/09/2017,0,0.5,Beer
2047,02/09/2017,10/09/2017,8,0.5,Beer
2048,03/09/2017,10/09/2017,7,2,Beer
2049,04/09/2017,13/09/2017,9,0.5,Beer
2050,04/09/2017,10/09/2017,6,2,Beer
2053,03/09/2017,10/09/2017,7,1,Orange
2054,03/09/2017,10/09/2017,7,1.5,Beer
2056,04/09/2017,10/09/2017,6,1,Beer
2057,25/08/2017,02/09/2017,8,0.5,Beer
2059,05/09/2017,10/09/2017,5,0.5,Beer
2061,NA,NA,NA,NA,NA
2062,04/09/2017,11/09/2017,7,0.5,Beer
2064,04/09/2017,11/09/2017,7,1,beer
2065,04/09/2017,11/09/2017,7,0.5,Beer
2066,04/09/2017,11/09/2017,7,1,Beer
2068,04/09/2017,11/09/2017,7,2,Beer
2069,04/09/2017,11/09/2017,7,1,Beer
2070,04/09/2017,11/09/2017,7,1,Beer
2072,04/09/2017,11/09/2017,7,1,Beer
2073,26/08/2017,04/09/2017,9,0.5,Orange
2074,28/08/2017,04/09/2017,7,1.5,Beer
2077,03/09/2017,11/09/2017,8,1.5,Beer
2081,24/08/2017,31/08/2017,7,0.5,Orange
2082,03/09/2017,10/09/2017,7,1.5,Beer
2084,04/09/2017,11/09/2017,7,1,Orange
2085,04/09/2017,10/09/2017,6,0.5,Beer
2087,04/09/2017,11/09/2017,7,2,Beer
2090,08/09/2017,18/09/2017,10,1,Orange
2091,04/09/2017,20/09/2017,16,1,Beer
2093,04/09/2017,11/09/2017,7,2,Beer
2094,05/09/2017,12/09/2017,7,1.5,Beer
2095,07/09/2017,14/09/2017,7,2,Orange
2098,04/09/2017,12/09/2017,8,0.5,Beer
3002,04/09/2017,12/09/2017,8,2,Beer
3005,NA,NA,NA,NA,NA
3007,04/09/2017,10/09/2017,6,2,Beer
3009,03/09/2017,10/09/2017,7,2,Orange
3010,03/09/2017,11/09/2017,8,2,Beer
3011,04/09/2017,11/09/2017,7,1.5,Beer
3012,04/09/2017,11/09/2017,7,2,Beer
3014,30/08/2017,05/09/2017,6,0.5,Orange
3015,05/09/2017,15/09/2017,10,1,Orange
3016,29/08/2017,05/09/2017,7,2,Orange
3017,03/09/2017,10/09/2017,7,1,Beer
3022,04/09/2017,11/09/2017,7,2,Beer
3025,04/09/2017,11/09/2017,7,0.5,Beer
3027,05/09/2017,14/09/2017,9,1,Beer
3028,04/09/2017,11/09/2017,7,2,Beer
3031,04/09/2017,11/09/2017,7,1.5,Beer
3032,29/08/2017,05/09/2017,7,0.5,Orange
3037,04/09/2017,11/09/2017,7,2,Beer
3041,05/09/2017,13/09/2017,8,1,Beer
3042,06/09/2017,13/09/2017,7,1,Beer
3044,04/09/2017,11/09/2017,7,1,Beer
3046,02/09/2017,10/09/2017,8,2,Beer
3048,02/09/2017,08/09/2017,6,1,Beer
3049,02/09/2017,08/09/2017,6,1,Beer
3050,04/09/2017,11/09/2017,7,1,Beer
3051,04/09/2017,11/09/2017,7,1,Beer
3056,04/09/2017,12/09/2017,8,1,Beer
3057,05/09/2017,12/09/2017,7,1,Beer
3058,05/09/2017,12/09/2017,7,2,beer
3059,27/08/2017,03/09/2017,7,0.5,Beer
3060,04/09/2017,11/09/2017,7,2,Beer
3062,03/09/2017,10/09/2017,7,1.5,Beer
3063,30/08/2017,06/09/2017,7,1,Beer
3066,04/09/2017,11/09/2017,7,1,Beer
3067,03/09/2017,10/09/2017,7,1,Beer
3068,04/09/2017,11/09/2017,7,1.5,Orange
3069,04/09/2017,10/09/2017,6,1.5,Beer
3070,04/09/2017,10/09/2017,6,1.5,Beer
3071,27/08/2017,03/09/2017,7,1,Orange
3072,03/09/2017,11/09/2017,8,1,Beer
3073,04/09/2017,11/09/2017,7,1.5,Beer
3074,04/09/2017,10/09/2017,6,2,Beer
3075,04/09/2017,12/09/2017,8,1.5,Beer
3077,05/09/2017,12/09/2017,7,0.5,Beer
3078,04/09/2017,11/09/2017,7,1,Beer
3079,04/09/2017,11/09/2017,7,2,Beer
3080,04/09/2017,11/09/2017,7,0.5,Beer
3082,04/09/2017,11/09/2017,7,1,Beer
3083,05/09/2017,13/09/2017,8,2,Beer
3085,07/09/2017,14/09/2017,7,2,Beer
3086,03/09/2017,10/09/2017,7,1.5,Beer
3087,05/09/2017,13/09/2017,8,1,Beer
3088,04/09/2017,11/09/2017,7,0.5,Beer
3089,02/09/2017,10/09/2017,8,0.5,Beer
3091,NA,NA,NA,NA,NA
3092,05/09/2017,13/09/2017,8,1.5,Beer
3093,03/09/2017,08/09/2017,5,0.5,Beer
3095,24/08/2017,03/09/2017,10,0.5,Beer
3097,04/09/2017,11/09/2017,7,1,Beer
3099,03/09/2017,06/09/2017,3,1,Beer
3100,06/09/2017,13/09/2017,7,1.5,Orange
3103,31/08/2017,07/09/2017,7,2,Beer
3104,29/08/2017,05/09/2017,7,1.5,Beer
3105,03/09/2017,11/09/2017,8,1.5,Beer
3106,29/08/2017,05/09/2017,7,1,Beer
3107,03/09/2017,10/09/2017,7,0.5,Orange
3108,04/09/2017,11/09/2017,7,1,Beer
3110,04/09/2017,11/09/2017,7,1,Beer
3112,05/09/2017,12/09/2017,7,1,Beer
3113,05/09/2017,12/09/2017,7,1,Beer
3114,04/09/2017,13/09/2017,9,1.5,Beer
3118,06/09/2017,13/09/2017,7,1.5,Beer
3120,05/09/2017,11/09/2017,6,1,Beer
3127,05/09/2017,12/09/2017,7,2,Beer
3129,06/09/2017,13/09/2017,7,1.5,Beer
3131,03/09/2017,09/09/2017,6,1.5,Orange
3133,04/09/2017,11/09/2017,7,1,Beer
3135,06/09/2017,13/09/2017,7,1.5,Beer
3136,08/09/2017,15/09/2017,7,1,Beer
3137,04/09/2017,06/09/2017,2,1,Orange
3139,07/09/2017,14/09/2017,7,2,Beer
3141,NA,NA,NA,NA,NA
3142,06/09/2017,13/09/2017,7,1.5,Beer
3144,08/09/2017,17/09/2017,9,1,Beer
3146,04/09/2017,11/09/2017,7,1,Beer
3147,04/09/2017,11/09/2017,7,1,Beer
3148,07/09/2017,14/09/2017,7,2,Beer
3149,04/09/2017,14/09/2017,10,1,Beer
3152,06/09/2017,13/09/2017,7,1,Beer
3154,06/09/2017,13/09/2017,7,2,Beer
3155,07/09/2017,14/09/2017,7,2,Orange
3156,04/09/2017,11/09/2017,7,2,Beer
3157,07/09/2017,09/09/2017,2,1,Beer
3159,03/09/2017,11/09/2017,8,2,Beer
3162,01/09/2017,08/09/2017,7,2,Orange
3164,NA,NA,NA,NA,NA
3165,06/09/2017,13/09/2017,7,0.5,Beer
3166,01/09/2017,08/09/2017,7,2,Beer
3167,04/09/2017,11/09/2017,7,1,Beer
3170,03/09/2017,10/09/2017,7,0.5,Beer
3172,05/09/2017,12/09/2017,7,2,Beer
3173,25/08/2017,05/09/2017,11,1,Orange
3174,04/09/2017,11/09/2017,7,1.5,Beer
3175,01/09/2017,07/09/2017,6,1,Beer
3177,03/09/2017,07/09/2017,4,0.5,Beer
3178,05/09/2017,12/09/2017,7,0.5,Beer
3180,02/09/2017,09/09/2017,7,2,Beer
3183,31/08/2017,07/09/2017,7,0.5,Beer
3185,04/09/2017,11/09/2017,7,0.5,Beer
3187,01/09/2017,08/09/2017,7,2,Orange
3188,04/09/2017,11/09/2017,7,0.5,Beer
3189,04/09/2017,11/09/2017,7,0.5,Beer
3190,06/09/2017,13/09/2017,7,1,Beer
3199,NA,NA,NA,NA,NA
3200,26/08/2017,02/09/2017,7,1.5,Beer
3202,08/09/2017,15/09/2017,7,1,Beer
3208,08/09/2017,19/09/2017,11,1,Beer
3209,NA,NA,NA,NA,NA
3212,NA,NA,NA,NA,NA
3213,NA,NA,NA,NA,NA
3214,28/08/2017,05/09/2017,8,0.5,Orange
3215,03/09/2017,10/09/2017,7,0.5,Beer
3217,NA,NA,NA,NA,NA
3220,05/09/2017,12/09/2017,7,2,Beer
3221,08/09/2017,10/09/2017,2,0.5,Beer
3225,04/09/2017,11/09/2017,7,1,Beer
3227,08/09/2017,17/09/2017,9,1,Orange
3228,08/09/2017,16/09/2017,8,1,Beer
3233,06/09/2017,13/09/2017,7,2,Beer
3241,03/09/2017,11/09/2017,8,1.5,Beer
3242,03/09/2017,10/09/2017,7,2,Beer
3246,03/09/2017,10/09/2017,7,2,Beer
3253,04/09/2017,11/09/2017,7,1.5,Beer
3256,04/09/2017,11/09/2017,7,2,Beer
3257,28/08/2017,04/09/2017,7,0.5,Beer
3259,NA,NA,NA,NA,NA
3261,05/09/2017,11/09/2017,6,1.5,Beer
3263,NA,NA,NA,NA,NA
3264,04/09/2017,11/09/2017,7,2,Beer
3268,NA,NA,NA,NA,NA
3270,08/09/2017,16/09/2017,8,1,Beer
3271,05/09/2017,11/09/2017,6,1,Beer