ID,outDate,inDate,type
1,27/08/2017,03/09/2017,Beer
2,27/08/2017,03/09/2017,Orange
3,01/09/2017,08/09/2017,Beer
4,27/08/2017,03/09/2017,Beer
6,27/08/2017,03/09/2017,Beer
7,01/09/2017,08/09/2017,Beer
9,26/08/2017,01/09/2017,Beer
10,31/08/2017,06/09/2017,Beer
11,25/08/2017,01/09/2017,Beer
12,25/08/2017,01/09/2017,Beer
14,25/08/2017,01/09/2017,Beer
15,30/08/2017,06/09/2017,Beer
17,01/09/2017,08/09/2017,Beer
18,25/08/2017,01/09/2017,Beer
23,31/08/2017,07/09/2017,Beer
28,25/08/2017,01/09/2017,Beer
35,27/08/2017,03/09/2017,Orange
36,27/08/2017,03/09/2017,Beer
38,25/08/2017,01/09/2017,Beer
40,25/08/2017,01/09/2017,Beer
42,31/08/2017,07/09/2017,Orange
47,27/08/2017,03/09/2017,Beer
49,27/08/2017,03/09/2017,Beer
59,01/09/2017,08/09/2017,Orange
61,28/08/2017,04/09/2017,Beer
62,25/08/2017,01/09/2017,Orange
64,30/08/2017,05/09/2017,Beer
71,27/08/2017,03/09/2017,Beer
72,,,
73,01/09/2017,08/09/2017,Beer
75,27/08/2017,03/09/2017,Beer
76,25/08/2017,02/09/2017,Beer
77,25/08/2017,01/09/2017,Beer
78,25/08/2017,01/09/2017,Orange
79,25/08/2017,01/09/2017,Beer
81,25/08/2017,01/09/2017,Orange
82,27/08/2017,02/09/2017,Beer
91,25/08/2017,01/09/2017,Beer
95,25/08/2017,01/09/2017,Orange
96,27/08/2017,02/09/2017,Beer
97,25/08/2017,02/09/2017,Orange
98,25/08/2017,01/09/2017,Beer
99,01/09/2017,08/09/2017,Beer
101,28/08/2017,02/09/2017,Orange
103,25/08/2017,02/09/2017,Beer
105,27/08/2017,03/09/2017,Beer
112,27/08/2017,02/09/2017,Beer
113,27/08/2017,03/09/2017,Beer
115,27/08/2017,02/09/2017,Orange
117,01/09/2017,08/09/2017,Beer
119,25/08/2017,01/09/2017,Beer
121,01/09/2017,08/09/2017,Beer
125,25/08/2017,01/09/2017,Beer
126,25/08/2017,01/09/2017,Orange
127,01/09/2017,07/09/2017,Beer
129,25/08/2017,01/09/2017,Beer
137,29/08/2017,05/09/2017,Orange
138,27/08/2017,03/09/2017,Beer
139,25/08/2017,01/09/2017,Beer
140,27/08/2017,03/09/2017,Beer
142,30/08/2017,06/09/2017,Beer
143,01/09/2017,08/09/2017,Beer
145,29/08/2017,05/09/2017,Beer
146,25/08/2017,01/09/2017,Beer
147,28/08/2017,04/09/2017,Beer
148,28/08/2017,04/09/2017,Beer
150,25/08/2017,01/09/2017,Orange
152,25/08/2017,01/09/2017,Beer
153,26/08/2017,02/09/2017,Beer
156,31/08/2017,07/09/2017,Orange
160,31/08/2017,07/09/2017,Beer
161,28/08/2017,04/09/2017,Beer
162,27/08/2017,06/09/2017,Beer
163,01/09/2017,08/09/2017,Beer
164,29/08/2017,04/09/2017,Beer
167,28/08/2017,04/09/2017,Beer
171,25/08/2017,01/09/2017,Beer
172,25/08/2017,01/09/2017,Beer
173,25/08/2017,01/09/2017,Beer
176,26/08/2017,02/09/2017,Beer
177,30/08/2017,06/09/2017,Beer
178,29/08/2017,04/09/2017,Beer
180,26/08/2017,01/09/2017,Beer
183,25/08/2017,02/09/2017,Beer
188,27/08/2017,03/09/2017,Beer
190,26/08/2017,02/09/2017,Beer
191,25/08/2017,01/09/2017,Beer
192,26/08/2017,02/09/2017,Beer
193,25/08/2017,02/09/2017,Beer
195,25/08/2017,01/09/2017,Orange
196,28/08/2017,04/09/2017,Beer
199,26/08/2017,02/09/2017,Beer
200,25/08/2017,01/09/2017,Beer
201,31/08/2017,07/09/2017,Beer
205,25/08/2017,01/09/2017,Beer
209,28/08/2017,04/09/2017,Beer
210,25/08/2017,01/09/2017,Beer
211,25/08/2017,01/09/2017,Beer
212,27/08/2017,03/09/2017,Beer
216,27/08/2017,03/09/2017,Beer
217,31/08/2017,01/09/2017,Beer
218,31/08/2017,07/09/2017,Orange
222,25/08/2017,01/09/2017,Beer
225,01/09/2017,08/09/2017,Orange
230,01/09/2017,08/09/2017,Beer
231,25/08/2017,02/09/2017,Beer
235,26/08/2017,01/09/2017,Beer
236,25/08/2017,01/09/2017,Beer
240,25/08/2017,01/09/2017,Beer
241,01/09/2017,08/09/2017,Beer
242,25/08/2017,01/09/2017,Beer
244,25/08/2017,01/09/2017,Beer
245,26/08/2017,02/09/2017,Beer
246,25/08/2017,01/09/2017,Orange
247,01/09/2017,08/09/2017,Beer
249,26/08/2017,02/09/2017,Beer
250,26/08/2017,01/09/2017,Orange
251,27/08/2017,03/09/2017,Beer
253,27/08/2017,02/09/2017,Orange
254,26/08/2017,03/09/2017,Beer
256,25/08/2017,01/09/2017,Beer
258,01/09/2017,08/09/2017,Beer
260,30/08/2017,06/09/2017,Orange
262,29/08/2017,05/09/2017,Beer
263,31/08/2017,06/09/2017,Orange
266,25/08/2017,01/09/2017,Beer
267,01/09/2017,07/09/2017,Beer
272,27/08/2017,03/09/2017,Beer
273,26/08/2017,02/09/2017,Beer
275,01/09/2017,08/09/2017,Orange
276,25/08/2017,01/09/2017,Beer
286,26/08/2017,02/09/2017,Beer
287,01/09/2017,08/09/2017,Beer
288,25/08/2017,01/09/2017,Orange
289,01/09/2017,08/09/2017,Beer
290,25/08/2017,01/09/2017,Beer
297,25/08/2017,01/09/2017,Beer
298,01/09/2017,08/09/2017,Beer
299,01/09/2017,08/09/2017,Beer
301,25/08/2017,01/09/2017,Beer
303,,,
306,26/08/2017,02/09/2017,Beer
308,27/08/2017,03/09/2017,Beer
309,29/08/2017,05/09/2017,Beer
311,31/08/2017,07/09/2017,Beer
312,26/08/2017,01/09/2017,Orange
313,29/08/2017,05/09/2017,Beer
314,25/08/2017,01/09/2017,Beer
318,26/08/2017,03/09/2017,Beer
320,01/09/2017,08/09/2017,Orange
326,01/09/2017,08/09/2017,Beer
327,01/09/2017,07/09/2017,Beer
328,01/09/2017,08/09/2017,Beer
330,25/08/2017,01/09/2017,Orange
331,25/08/2017,01/09/2017,Beer
332,25/08/2017,01/09/2017,Beer
348,01/09/2017,08/09/2017,Beer
350,25/08/2017,01/09/2017,Beer
351,26/08/2017,02/09/2017,Orange
352,28/08/2017,04/09/2017,Beer
354,25/08/2017,01/09/2017,Orange
355,27/08/2017,03/09/2017,Beer
357,25/08/2017,01/09/2017,Beer
358,28/08/2017,04/09/2017,Beer
361,26/08/2017,02/09/2017,Beer
362,25/08/2017,01/09/2017,Beer
364,27/08/2017,03/09/2017,Beer
365,01/09/2017,08/09/2017,Orange
366,01/09/2017,07/09/2017,Beer
367,26/08/2017,02/09/2017,Beer
369,25/08/2017,01/09/2017,Beer
372,27/08/2017,03/09/2017,Beer
374,25/08/2017,01/09/2017,Orange
375,25/08/2017,01/09/2017,Beer
376,25/08/2017,01/09/2017,Orange
378,25/08/2017,01/09/2017,Beer
381,25/08/2017,01/09/2017,Beer
383,01/09/2017,08/09/2017,Beer
384,25/08/2017,01/09/2017,Beer
385,30/08/2017,06/09/2017,Beer
389,27/08/2017,03/09/2017,Beer
394,30/08/2017,05/09/2017,Beer
395,25/08/2017,01/09/2017,Beer
396,27/08/2017,03/09/2017,Beer
398,01/09/2017,08/09/2017,Beer
399,26/08/2017,02/09/2017,Orange
402,27/08/2017,03/09/2017,Beer
404,25/08/2017,01/09/2017,Beer
406,29/08/2017,05/09/2017,Beer
407,25/08/2017,01/09/2017,Beer
411,27/08/2017,01/09/2017,Beer
413,29/08/2017,05/09/2017,Beer
415,01/09/2017,08/09/2017,Beer
418,26/08/2017,02/09/2017,Orange
421,25/08/2017,01/09/2017,Beer
422,26/08/2017,01/09/2017,Beer
423,25/08/2017,01/09/2017,Orange
427,27/08/2017,03/09/2017,Orange
433,25/08/2017,01/09/2017,Beer
434,28/08/2017,04/09/2017,Beer
436,01/09/2017,08/09/2017,Beer
438,27/08/2017,03/09/2017,Beer
442,27/08/2017,03/09/2017,Beer
445,25/08/2017,01/09/2017,Beer
446,25/08/2017,01/09/2017,Beer
447,28/08/2017,03/09/2017,Beer
449,28/08/2017,04/09/2017,Beer
450,27/08/2017,03/09/2017,Beer
452,26/08/2017,04/09/2017,Beer
453,26/08/2017,04/09/2017,Beer
454,01/09/2017,08/09/2017,Orange
455,01/09/2017,08/09/2017,Orange
459,26/08/2017,02/09/2017,Orange
460,28/08/2017,04/09/2017,Beer
467,25/08/2017,02/09/2017,Beer
468,25/08/2017,01/09/2017,Beer
474,27/08/2017,03/09/2017,Beer
478,01/09/2017,08/09/2017,Beer
480,26/08/2017,02/09/2017,Orange
481,30/08/2017,05/09/2017,Beer
487,31/08/2017,07/09/2017,Beer
493,25/08/2017,01/09/2017,Beer
494,31/08/2017,08/09/2017,Orange
495,01/09/2017,08/09/2017,Beer
499,28/08/2017,03/09/2017,Beer
500,26/08/2017,01/09/2017,Beer
501,01/09/2017,08/09/2017,Beer
504,25/08/2017,01/09/2017,Orange
507,30/08/2017,06/09/2017,Orange
509,25/08/2017,01/09/2017,Orange
511,26/08/2017,02/09/2017,Beer
517,25/08/2017,01/09/2017,Beer
518,01/09/2017,08/09/2017,Beer
519,31/08/2017,07/09/2017,Beer
524,27/08/2017,03/09/2017,Beer
531,25/08/2017,02/09/2017,Beer
533,25/08/2017,01/09/2017,Orange
534,01/09/2017,08/09/2017,Beer
535,28/08/2017,04/09/2017,Beer
536,25/08/2017,01/09/2017,Beer
538,25/08/2017,01/09/2017,Beer
543,01/09/2017,08/09/2017,Beer
544,31/08/2017,07/09/2017,Orange
545,28/08/2017,04/09/2017,Beer
548,25/08/2017,01/09/2017,Beer
551,28/08/2017,04/09/2017,Beer
553,28/08/2017,05/09/2017,Beer
555,25/08/2017,01/09/2017,Beer
556,28/08/2017,04/09/2017,Beer
557,27/08/2017,03/09/2017,Orange
558,25/08/2017,01/09/2017,Beer
559,26/08/2017,01/09/2017,Beer
561,01/09/2017,08/09/2017,Beer
566,01/09/2017,08/09/2017,Beer
568,26/08/2017,01/09/2017,Beer
570,25/08/2017,01/09/2017,Beer
572,27/08/2017,03/09/2017,Beer
573,28/08/2017,04/09/2017,Beer
575,,,
578,25/08/2017,01/09/2017,Beer
579,28/08/2017,04/09/2017,Beer
581,25/08/2017,01/09/2017,Orange
587,01/09/2017,08/09/2017,Beer
588,01/09/2017,08/09/2017,Beer
590,30/08/2017,06/09/2017,Orange
591,26/08/2017,02/09/2017,Orange
592,25/08/2017,01/09/2017,Beer
593,25/08/2017,01/09/2017,Beer
595,01/09/2017,08/09/2017,Orange
599,26/08/2017,02/09/2017,Beer
600,01/09/2017,08/09/2017,Beer
602,26/08/2017,02/09/2017,Beer
605,26/08/2017,02/09/2017,Beer
606,01/09/2017,08/09/2017,Beer
609,25/08/2017,01/09/2017,Beer
613,25/08/2017,01/09/2017,Beer
615,25/08/2017,01/09/2017,Beer
616,27/08/2017,07/09/2017,Beer
617,25/08/2017,01/09/2017,Orange
618,01/09/2017,08/09/2017,Orange
621,27/08/2017,03/09/2017,Beer
622,29/08/2017,05/09/2017,Beer
624,31/08/2017,07/09/2017,Orange
625,27/08/2017,03/09/2017,Beer
628,26/08/2017,02/09/2017,Beer
629,25/08/2017,01/09/2017,Beer
631,27/08/2017,03/09/2017,Beer
636,30/08/2017,06/09/2017,Beer
637,29/08/2017,05/09/2017,Beer
638,25/08/2017,01/09/2017,Beer
639,01/09/2017,08/09/2017,Orange
641,31/08/2017,07/09/2017,Beer
642,27/08/2017,03/09/2017,Beer
643,31/08/2017,08/09/2017,Beer
645,01/09/2017,07/09/2017,Beer
646,29/08/2017,05/09/2017,Beer
647,26/08/2017,02/09/2017,Beer
649,29/08/2017,06/09/2017,Beer
653,25/08/2017,01/09/2017,Beer
658,26/08/2017,02/09/2017,Beer
659,25/08/2017,01/09/2017,Beer
660,26/08/2017,08/09/2017,Beer
668,01/09/2017,08/09/2017,Orange
670,30/08/2017,06/09/2017,Beer
671,29/08/2017,05/09/2017,Beer
672,01/09/2017,08/09/2017,Orange
673,26/08/2017,08/09/2017,Orange
674,26/08/2017,08/09/2017,Orange
675,26/08/2017,08/09/2017,Orange
676,26/08/2017,08/09/2017,Orange
679,27/08/2017,03/09/2017,Beer
688,25/08/2017,01/09/2017,Beer
691,30/08/2017,06/09/2017,Orange
692,27/08/2017,03/09/2017,Beer
704,28/08/2017,04/09/2017,Beer
710,27/08/2017,03/09/2017,Beer
714,28/08/2017,04/09/2017,Beer
716,30/08/2017,06/09/2017,Beer
718,27/08/2017,03/09/2017,Beer
719,31/08/2017,07/09/2017,Orange
720,27/08/2017,03/09/2017,Beer
725,25/08/2017,01/09/2017,Beer
726,28/08/2017,04/09/2017,Beer
728,27/08/2017,02/09/2017,Beer
731,25/08/2017,01/09/2017,Beer
733,30/08/2017,06/09/2017,Beer
734,27/08/2017,03/09/2017,Beer
736,27/08/2017,02/09/2017,Beer
737,25/08/2017,01/09/2017,Beer
738,25/08/2017,01/09/2017,Beer
739,25/08/2017,01/09/2017,Beer
740,25/08/2017,01/09/2017,Beer
742,25/08/2017,01/09/2017,Beer
745,27/08/2017,03/09/2017,Beer
747,27/08/2017,03/09/2017,Beer
750,28/08/2017,04/09/2017,Beer
752,25/08/2017,01/09/2017,Beer
755,25/08/2017,01/09/2017,Beer
762,30/08/2017,06/09/2017,Beer
764,29/08/2017,05/09/2017,Orange
767,25/08/2017,01/09/2017,Beer
768,25/08/2017,01/09/2017,Beer
770,25/08/2017,01/09/2017,Beer
771,01/09/2017,08/09/2017,Beer
772,01/09/2017,08/09/2017,Beer
775,25/08/2017,01/09/2017,Orange
778,26/08/2017,02/09/2017,Beer
779,25/08/2017,01/09/2017,Beer
781,27/08/2017,03/09/2017,Beer
782,01/09/2017,08/09/2017,Beer
784,29/08/2017,05/09/2017,Beer
786,25/08/2017,01/09/2017,Beer
788,25/08/2017,01/09/2017,Beer
790,27/08/2017,03/09/2017,Beer
794,25/08/2017,01/09/2017,Beer
797,01/09/2017,07/09/2017,Beer
798,25/08/2017,01/09/2017,Beer
800,27/08/2017,03/09/2017,Orange
801,28/08/2017,04/09/2017,Orange
802,25/08/2017,07/09/2017,Beer
803,25/08/2017,01/09/2017,Beer
805,25/08/2017,01/09/2017,Beer
807,26/08/2017,04/09/2017,Beer
808,25/08/2017,01/09/2017,Orange
809,25/08/2017,01/09/2017,Beer
810,30/08/2017,06/09/2017,Orange
812,27/08/2017,03/09/2017,Beer
815,25/08/2017,01/09/2017,Beer
816,25/08/2017,01/09/2017,Beer
818,01/09/2017,08/09/2017,Beer
819,25/08/2017,01/09/2017,Beer
821,25/08/2017,01/09/2017,Beer
822,26/08/2017,02/09/2017,Beer
824,25/08/2017,08/09/2017,Orange
825,30/08/2017,06/09/2017,Orange
826,01/09/2017,08/09/2017,Orange
828,28/08/2017,04/09/2017,Orange
830,25/08/2017,01/09/2017,Beer
837,26/08/2017,02/09/2017,Beer
838,27/08/2017,03/09/2017,Orange
842,25/08/2017,01/09/2017,Orange
844,27/08/2017,03/09/2017,Beer
845,25/08/2017,01/09/2017,Orange
851,25/08/2017,01/09/2017,Beer
854,28/08/2017,04/09/2017,Beer
855,01/09/2017,07/09/2017,Orange
858,28/08/2017,04/09/2017,Beer
865,26/08/2017,02/09/2017,Beer
866,25/08/2017,01/09/2017,Orange
873,29/08/2017,05/09/2017,Beer
875,01/09/2017,07/09/2017,Beer
879,29/08/2017,05/09/2017,Beer
880,29/08/2017,05/09/2017,Beer
882,01/09/2017,08/09/2017,Beer
884,29/08/2017,05/09/2017,Beer
889,25/08/2017,01/09/2017,Orange
891,30/08/2017,06/09/2017,Beer
892,25/08/2017,01/09/2017,Beer
895,27/08/2017,04/09/2017,Beer
896,25/08/2017,01/09/2017,Beer
903,01/09/2017,07/09/2017,Beer
904,01/09/2017,07/09/2017,Beer
905,25/08/2017,01/09/2017,Orange
907,26/08/2017,02/09/2017,Beer
908,30/08/2017,06/09/2017,Beer
910,01/09/2017,08/09/2017,Orange
914,26/08/2017,02/09/2017,Beer
917,25/08/2017,01/09/2017,Beer
918,01/09/2017,08/09/2017,Orange
920,29/08/2017,04/09/2017,Beer
923,26/08/2017,02/09/2017,Beer
925,30/08/2017,05/09/2017,Beer
927,25/08/2017,01/09/2017,Beer
928,27/08/2017,03/09/2017,Beer
929,27/08/2017,02/09/2017,Beer
930,25/08/2017,01/09/2017,Beer
931,30/08/2017,07/09/2017,Orange
933,25/08/2017,01/09/2017,Beer
940,25/08/2017,02/09/2017,Beer
944,28/08/2017,04/09/2017,Orange
945,25/08/2017,01/09/2017,Beer
946,25/08/2017,01/09/2017,Beer
948,28/08/2017,04/09/2017,Orange
951,25/08/2017,01/09/2017,Beer
953,26/08/2017,02/09/2017,Orange
954,31/08/2017,06/09/2017,Beer
955,25/08/2017,01/09/2017,Beer
957,25/08/2017,01/09/2017,Beer
960,25/08/2017,01/09/2017,Beer
967,27/08/2017,03/09/2017,Beer
968,25/08/2017,01/09/2017,Beer
969,26/08/2017,02/09/2017,Beer
974,27/08/2017,03/09/2017,Beer
976,27/08/2017,03/09/2017,Orange
980,26/08/2017,03/09/2017,Beer
982,25/08/2017,01/09/2017,Beer
984,28/08/2017,04/09/2017,Beer
986,25/08/2017,02/09/2017,Beer
987,25/08/2017,01/09/2017,Orange
988,28/08/2017,05/09/2017,Orange
990,30/08/2017,06/09/2017,Beer
991,25/08/2017,01/09/2017,Beer
993,30/08/2017,06/09/2017,Beer
995,25/08/2017,01/09/2017,Beer
998,29/08/2017,05/09/2017,Beer
1001,28/08/2017,04/09/2017,Beer
1002,27/08/2017,03/09/2017,Beer
1004,29/08/2017,05/09/2017,Beer
1005,25/08/2017,01/09/2017,Beer
1007,25/08/2017,02/09/2017,Beer
1008,01/09/2017,08/09/2017,Orange
1010,01/09/2017,08/09/2017,Orange
1014,29/08/2017,05/09/2017,Beer
1015,25/08/2017,01/09/2017,Beer
1016,25/08/2017,01/09/2017,Beer
1019,01/09/2017,07/09/2017,Beer
1020,25/08/2017,08/09/2017,Beer
1022,26/08/2017,02/09/2017,Beer
1026,01/09/2017,07/09/2017,Orange
1027,01/09/2017,07/09/2017,Beer
1029,26/08/2017,02/09/2017,Beer
1030,25/08/2017,03/09/2017,Beer
1031,30/08/2017,06/09/2017,Orange
1033,25/08/2017,01/09/2017,Beer
1035,25/08/2017,01/09/2017,Beer
1036,26/08/2017,02/09/2017,Beer
1038,26/08/2017,03/09/2017,Beer
1043,29/08/2017,05/09/2017,Beer
1044,26/08/2017,02/09/2017,Beer
1045,01/09/2017,08/09/2017,Beer
1046,01/09/2017,08/09/2017,Orange
1047,26/08/2017,02/09/2017,Beer
1056,31/08/2017,07/09/2017,Beer
1062,01/09/2017,08/09/2017,Beer
1068,27/08/2017,02/09/2017,Beer
1071,27/08/2017,03/09/2017,Orange
1072,28/08/2017,03/09/2017,Beer
1073,27/08/2017,03/09/2017,Beer
1075,26/08/2017,02/09/2017,Beer
1076,29/08/2017,05/09/2017,Beer
1077,27/08/2017,03/09/2017,Beer
1079,27/08/2017,03/09/2017,Beer
1080,26/08/2017,02/09/2017,Beer
1082,25/08/2017,01/09/2017,Beer
1083,29/08/2017,05/09/2017,Beer
1087,,,
1091,25/08/2017,01/09/2017,Orange
1092,27/08/2017,03/09/2017,Beer
1096,25/08/2017,02/09/2017,Orange
1097,26/08/2017,02/09/2017,Beer
1100,01/09/2017,08/09/2017,Beer
1101,27/08/2017,02/09/2017,Beer
1103,28/08/2017,04/09/2017,Beer
1104,28/08/2017,04/09/2017,Beer
1105,31/08/2017,07/09/2017,Orange
1110,25/08/2017,01/09/2017,Beer
1112,25/08/2017,01/09/2017,Beer
1116,25/08/2017,01/09/2017,Beer
1121,27/08/2017,03/09/2017,Beer
1125,29/08/2017,05/09/2017,Beer
1135,25/08/2017,01/09/2017,Beer
1136,01/09/2017,08/09/2017,Beer
1141,01/09/2017,08/09/2017,Beer
1150,26/08/2017,02/09/2017,Beer
1153,25/08/2017,08/09/2017,Beer
1154,29/08/2017,06/09/2017,Beer
1157,25/08/2017,01/09/2017,Beer
1159,01/09/2017,07/09/2017,Orange
1160,25/08/2017,01/09/2017,Beer
1164,01/09/2017,07/09/2017,Orange
1168,25/08/2017,02/09/2017,Orange
1169,25/08/2017,01/09/2017,Beer
1171,01/09/2017,08/09/2017,Orange
1174,25/08/2017,01/09/2017,Beer
1176,31/08/2017,07/09/2017,Beer
1178,01/09/2017,08/09/2017,Beer
1180,31/08/2017,07/09/2017,Beer
1181,25/08/2017,01/09/2017,Beer
1182,28/08/2017,04/09/2017,Beer
1183,25/08/2017,01/09/2017,Beer
1185,27/08/2017,03/09/2017,Beer
1187,29/08/2017,05/09/2017,Orange
1188,01/09/2017,08/09/2017,Beer
1189,25/08/2017,01/09/2017,Beer
1190,25/08/2017,01/09/2017,Beer
1191,28/08/2017,04/09/2017,Beer
1200,29/08/2017,04/09/2017,Beer
1201,25/08/2017,01/09/2017,Orange
1202,25/08/2017,02/09/2017,Orange
1203,28/08/2017,05/09/2017,Orange
1205,30/08/2017,08/09/2017,Beer
1206,31/08/2017,07/09/2017,Beer
1208,31/08/2017,07/09/2017,Orange
1209,25/08/2017,01/09/2017,Orange
1211,31/08/2017,07/09/2017,Beer
1215,25/08/2017,01/09/2017,Orange
1217,30/08/2017,06/09/2017,Beer
1218,25/08/2017,01/09/2017,Orange
1219,26/08/2017,03/09/2017,Orange
1221,27/08/2017,03/09/2017,Orange
1222,25/08/2017,01/09/2017,Orange
1223,29/08/2017,04/09/2017,Beer
1225,25/08/2017,01/09/2017,Beer
1226,25/08/2017,01/09/2017,Orange
1227,25/08/2017,01/09/2017,Orange
1228,25/08/2017,01/09/2017,Beer
1229,26/08/2017,02/09/2017,Beer
1234,,,
1237,27/08/2017,02/09/2017,Beer
1238,28/08/2017,04/09/2017,Orange
1239,25/08/2017,01/09/2017,Orange
1240,25/08/2017,01/09/2017,Beer
1241,26/08/2017,03/09/2017,Beer
1242,30/08/2017,06/09/2017,Beer
1245,01/09/2017,08/09/2017,Orange
1246,25/08/2017,01/09/2017,Beer
1247,27/08/2017,02/09/2017,Orange
1252,25/08/2017,01/09/2017,Orange
1253,29/08/2017,05/09/2017,Beer
1254,30/08/2017,06/09/2017,Beer
1257,01/09/2017,08/09/2017,Beer
1260,25/08/2017,01/09/2017,Beer
1262,25/08/2017,01/09/2017,Orange
1264,27/08/2017,03/09/2017,Beer
1266,01/09/2017,07/09/2017,Beer
1267,25/08/2017,01/09/2017,Beer
1269,26/08/2017,02/09/2017,Orange
1270,26/08/2017,02/09/2017,Beer
1271,26/08/2017,02/09/2017,Beer
1272,25/08/2017,01/09/2017,Beer
1273,26/08/2017,02/09/2017,Beer
1275,26/08/2017,02/09/2017,Beer
1278,25/08/2017,01/09/2017,Beer
1282,27/08/2017,03/09/2017,Beer
1285,01/09/2017,08/09/2017,Beer
1286,27/08/2017,03/09/2017,Orange
1287,27/08/2017,03/09/2017,Beer
1288,25/08/2017,01/09/2017,Beer
1289,25/08/2017,01/09/2017,Beer
1291,25/08/2017,01/09/2017,Orange
1293,29/08/2017,05/09/2017,Beer
1297,01/09/2017,08/09/2017,Beer
1298,01/09/2017,08/09/2017,Beer
1299,30/08/2017,05/09/2017,Beer
1301,25/08/2017,01/09/2017,Orange
1303,25/08/2017,01/09/2017,Orange
1304,25/08/2017,01/09/2017,Beer
1306,30/08/2017,06/09/2017,Beer
1308,28/08/2017,03/09/2017,Orange
1312,27/08/2017,03/09/2017,Beer
1313,25/08/2017,01/09/2017,Beer
1314,31/08/2017,06/09/2017,Beer
1316,27/08/2017,03/09/2017,Beer
1317,25/08/2017,01/09/2017,Beer
1319,01/09/2017,08/09/2017,Orange
1320,01/09/2017,08/09/2017,Beer
1323,27/08/2017,02/09/2017,Beer
1326,25/08/2017,02/09/2017,Beer
1327,26/08/2017,02/09/2017,Beer
1328,25/08/2017,04/09/2017,Beer
1329,26/08/2017,04/09/2017,Beer
1334,25/08/2017,02/09/2017,Orange
1335,27/08/2017,04/09/2017,Beer
1336,01/09/2017,08/09/2017,Beer
1337,01/09/2017,08/09/2017,Beer
1338,26/08/2017,02/09/2017,Beer
1340,27/08/2017,03/09/2017,Beer
1343,30/08/2017,06/09/2017,Beer
1344,01/09/2017,08/09/2017,Orange
1345,25/08/2017,01/09/2017,Beer
1347,01/09/2017,08/09/2017,Beer
1350,31/08/2017,07/09/2017,Beer
1355,01/09/2017,08/09/2017,Beer
1356,25/08/2017,01/09/2017,Orange
1357,25/08/2017,01/09/2017,Beer
1360,26/08/2017,02/09/2017,Beer
1361,26/08/2017,02/09/2017,Beer
1362,25/08/2017,01/09/2017,Beer
1363,25/08/2017,01/09/2017,Beer
1367,25/08/2017,01/09/2017,Beer
1368,30/08/2017,06/09/2017,Beer
1370,29/08/2017,05/09/2017,Beer
1371,25/08/2017,01/09/2017,Beer
1372,28/08/2017,04/09/2017,Beer
1374,30/08/2017,06/09/2017,Beer
1375,25/08/2017,01/09/2017,Beer
1376,30/08/2017,06/09/2017,Beer
1377,25/08/2017,01/09/2017,Orange
1381,25/08/2017,01/09/2017,Orange
1386,26/08/2017,02/09/2017,Beer
1389,01/09/2017,08/09/2017,Beer
1390,25/08/2017,01/09/2017,Beer
1391,01/09/2017,08/09/2017,Beer
1392,27/08/2017,03/09/2017,Beer
1394,27/08/2017,06/09/2017,Beer
1395,25/08/2017,01/09/2017,Beer
1397,27/08/2017,03/09/2017,Beer
1398,25/08/2017,02/09/2017,Orange
1399,27/08/2017,03/09/2017,Beer
1400,25/08/2017,01/09/2017,Orange
1404,27/08/2017,03/09/2017,Beer
1405,01/09/2017,08/09/2017,Beer
1406,25/08/2017,04/09/2017,Beer
1407,01/09/2017,07/09/2017,Beer
1409,25/08/2017,08/09/2017,Beer
1410,25/08/2017,08/09/2017,Beer
1411,25/08/2017,01/09/2017,Beer
1413,28/08/2017,04/09/2017,Orange
1414,25/08/2017,01/09/2017,Beer
1415,27/08/2017,03/09/2017,Beer
1416,30/08/2017,05/09/2017,Beer
1418,25/08/2017,01/09/2017,Beer
1419,28/08/2017,04/09/2017,Beer
1421,25/08/2017,01/09/2017,Beer
1424,26/08/2017,02/09/2017,Beer
1425,25/08/2017,08/09/2017,Orange
1426,26/08/2017,02/09/2017,Orange
1427,25/08/2017,01/09/2017,Beer
1428,27/08/2017,03/09/2017,Beer
1429,26/08/2017,02/09/2017,Orange
1432,26/08/2017,02/09/2017,Beer
1433,01/09/2017,08/09/2017,Beer
1434,01/09/2017,08/09/2017,Orange
1435,25/08/2017,01/09/2017,Orange
1437,25/08/2017,03/09/2017,Beer
1440,27/08/2017,03/09/2017,Beer
1442,25/08/2017,01/09/2017,Beer
1443,30/08/2017,06/09/2017,Beer
1450,29/08/2017,05/09/2017,Beer
1453,01/09/2017,08/09/2017,Beer
1454,25/08/2017,01/09/2017,Beer
1455,25/08/2017,01/09/2017,Beer
1456,25/08/2017,01/09/2017,Orange
1457,26/08/2017,02/09/2017,Beer
1460,25/08/2017,01/09/2017,Beer
1462,25/08/2017,01/09/2017,Beer
1465,29/08/2017,05/09/2017,Beer
1466,25/08/2017,01/09/2017,Beer
1467,28/08/2017,04/09/2017,Beer
1476,26/08/2017,02/09/2017,Orange
1478,25/08/2017,01/09/2017,Beer
1480,30/08/2017,05/09/2017,Beer
1482,25/08/2017,01/09/2017,Beer
1484,29/08/2017,05/09/2017,Beer
1488,25/08/2017,01/09/2017,Beer
1492,27/08/2017,03/09/2017,Beer
1493,26/08/2017,02/09/2017,Beer
1502,25/08/2017,01/09/2017,Beer
1505,28/08/2017,03/09/2017,Beer
1507,30/08/2017,06/09/2017,Orange
1512,30/08/2017,06/09/2017,Beer
1514,26/08/2017,02/09/2017,Beer
1524,25/08/2017,01/09/2017,Beer
1525,25/08/2017,01/09/2017,Orange
1528,27/08/2017,03/09/2017,Beer
1532,30/08/2017,06/09/2017,Beer
1538,30/08/2017,06/09/2017,Orange
1540,25/08/2017,01/09/2017,Beer
1541,25/08/2017,01/09/2017,Beer
1542,25/08/2017,01/09/2017,Beer
1547,25/08/2017,01/09/2017,Beer
1548,27/08/2017,03/09/2017,Beer
1554,27/08/2017,03/09/2017,Beer
1557,25/08/2017,01/09/2017,Orange
1559,25/08/2017,01/09/2017,Beer
1561,27/08/2017,03/09/2017,Beer
1563,30/08/2017,06/09/2017,Beer
1564,,,
1565,26/08/2017,01/09/2017,Beer
1568,25/08/2017,01/09/2017,Beer
1570,26/08/2017,02/09/2017,Beer
1571,27/08/2017,03/09/2017,Beer
1573,25/08/2017,01/09/2017,Orange
1576,27/08/2017,03/09/2017,Beer
1578,27/08/2017,03/09/2017,Beer
1579,31/08/2017,07/09/2017,Beer
1580,25/08/2017,01/09/2017,Beer
1581,25/08/2017,01/09/2017,Beer
1582,25/08/2017,01/09/2017,Orange
1583,25/08/2017,01/09/2017,Beer
1584,25/08/2017,01/09/2017,Orange
1590,30/08/2017,06/09/2017,Orange
1591,27/08/2017,03/09/2017,Beer
1594,25/08/2017,01/09/2017,Beer
1595,27/08/2017,03/09/2017,Beer
1596,27/08/2017,03/09/2017,Beer
1598,26/08/2017,02/09/2017,Beer
1600,26/08/2017,01/09/2017,Beer
1601,29/08/2017,05/09/2017,Beer
1602,25/08/2017,01/09/2017,Beer
1603,25/08/2017,01/09/2017,Orange
1604,25/08/2017,01/09/2017,Beer
1605,28/08/2017,04/09/2017,Beer
1608,25/08/2017,01/09/2017,Beer
1612,28/08/2017,04/09/2017,Beer
1616,25/08/2017,01/09/2017,Beer
1619,28/08/2017,04/09/2017,Beer
1620,26/08/2017,01/09/2017,Orange
1621,26/08/2017,02/09/2017,Beer
1622,25/08/2017,01/09/2017,Beer
1626,25/08/2017,01/09/2017,Beer
1628,25/08/2017,01/09/2017,Beer
1629,26/08/2017,02/09/2017,Beer
1630,28/08/2017,04/09/2017,Beer
1632,25/08/2017,01/09/2017,Beer
1633,27/08/2017,03/09/2017,Beer
1636,25/08/2017,08/09/2017,Beer
1641,01/09/2017,08/09/2017,Beer
1644,25/08/2017,01/09/2017,Beer
1645,26/08/2017,02/09/2017,Beer
1649,26/08/2017,02/09/2017,Beer
1651,01/09/2017,08/09/2017,Beer
1655,25/08/2017,01/09/2017,Beer
1656,25/08/2017,01/09/2017,Orange
1658,25/08/2017,01/09/2017,Beer
1661,25/08/2017,01/09/2017,Orange
1664,01/09/2017,08/09/2017,Beer
1666,01/09/2017,08/09/2017,Orange
1667,25/08/2017,01/09/2017,Orange
1668,27/08/2017,03/09/2017,Beer
1672,27/08/2017,03/09/2017,Beer
1673,29/08/2017,05/09/2017,Beer
1674,26/08/2017,02/09/2017,Beer
1675,25/08/2017,08/09/2017,Beer
1680,25/08/2017,01/09/2017,Beer
1682,28/08/2017,04/09/2017,Beer
1684,25/08/2017,01/09/2017,Beer
1685,25/08/2017,02/09/2017,Orange
1689,28/08/2017,04/09/2017,Beer
1692,26/08/2017,02/09/2017,Beer
1695,26/08/2017,02/09/2017,Beer
1696,27/08/2017,02/09/2017,Orange
1697,25/08/2017,01/09/2017,Beer
1698,27/08/2017,03/09/2017,Beer
1701,25/08/2017,01/09/2017,Beer
1703,25/08/2017,03/09/2017,Orange
1704,28/08/2017,04/09/2017,Beer
1710,25/08/2017,01/09/2017,Orange
1711,30/08/2017,05/09/2017,Orange
1713,25/08/2017,02/09/2017,Beer
1714,28/08/2017,05/09/2017,Beer
1715,25/08/2017,01/09/2017,Beer
1716,27/08/2017,02/09/2017,Beer
1717,25/08/2017,01/09/2017,Beer
1718,25/08/2017,01/09/2017,Beer
1719,28/08/2017,03/09/2017,Beer
1722,25/08/2017,01/09/2017,Beer
1723,27/08/2017,03/09/2017,Beer
1724,31/08/2017,07/09/2017,Beer
1725,25/08/2017,04/09/2017,Beer
1726,01/09/2017,08/09/2017,Beer
1728,25/08/2017,01/09/2017,Orange
1729,25/08/2017,01/09/2017,Beer
1731,01/09/2017,08/09/2017,Beer
1735,30/08/2017,06/09/2017,Orange
1736,01/09/2017,08/09/2017,Beer
1737,28/08/2017,05/09/2017,Beer
1739,31/08/2017,04/09/2017,Beer
1742,25/08/2017,01/09/2017,Orange
1744,27/08/2017,03/09/2017,Beer
1745,25/08/2017,01/09/2017,Beer
1748,31/08/2017,07/09/2017,Beer
1751,25/08/2017,01/09/2017,Beer
1752,01/09/2017,08/09/2017,Beer
1753,25/08/2017,02/09/2017,Beer
1755,25/08/2017,01/09/2017,Orange
1757,30/08/2017,05/09/2017,Beer
1758,25/08/2017,01/09/2017,Orange
1759,25/08/2017,01/09/2017,Beer
1761,28/08/2017,05/09/2017,Beer
1763,27/08/2017,02/09/2017,Beer
1766,27/08/2017,03/09/2017,Beer
1767,25/08/2017,03/09/2017,Beer
1769,25/08/2017,01/09/2017,Beer
1770,25/08/2017,01/09/2017,Orange
1773,25/08/2017,01/09/2017,Beer
1783,27/08/2017,03/09/2017,Beer
1784,30/08/2017,06/09/2017,Beer
1786,25/08/2017,01/09/2017,Beer
1789,25/08/2017,01/09/2017,Beer
1791,25/08/2017,01/09/2017,Beer
1795,25/08/2017,01/09/2017,Beer
1797,25/08/2017,01/09/2017,Beer
1799,01/09/2017,08/09/2017,Orange
1804,31/08/2017,07/09/2017,Beer
1805,01/09/2017,08/09/2017,Beer
1808,27/08/2017,01/09/2017,Beer
1811,25/08/2017,01/09/2017,Beer
1812,25/08/2017,01/09/2017,Beer
1813,30/08/2017,07/09/2017,Orange
1815,28/08/2017,04/09/2017,Beer
1816,25/08/2017,02/09/2017,Orange
1819,30/08/2017,06/09/2017,Beer
1825,26/08/2017,02/09/2017,Beer
1826,25/08/2017,01/09/2017,Beer
1832,26/08/2017,02/09/2017,Orange
1834,27/08/2017,03/09/2017,Beer
1835,25/08/2017,01/09/2017,Beer
1836,25/08/2017,01/09/2017,Beer
1842,25/08/2017,01/09/2017,Beer
1845,25/08/2017,01/09/2017,Orange
1847,01/09/2017,08/09/2017,Beer
1851,25/08/2017,01/09/2017,Beer
1852,26/08/2017,02/09/2017,Beer
1857,25/08/2017,01/09/2017,Beer
1858,01/09/2017,08/09/2017,Beer
1859,26/08/2017,01/09/2017,Beer
1861,25/08/2017,01/09/2017,Beer
1862,25/08/2017,01/09/2017,Beer
1863,30/08/2017,06/09/2017,Beer
1866,25/08/2017,01/09/2017,Beer
1867,27/08/2017,02/09/2017,Beer
1869,26/08/2017,02/09/2017,Beer
1871,25/08/2017,01/09/2017,Beer
1872,28/08/2017,04/09/2017,Beer
1873,25/08/2017,01/09/2017,Orange
1874,26/08/2017,02/09/2017,Beer
1875,25/08/2017,01/09/2017,Orange
1877,31/08/2017,07/09/2017,Beer
1878,01/09/2017,07/09/2017,Beer
1879,26/08/2017,02/09/2017,Beer
1881,25/08/2017,01/09/2017,Beer
1884,01/09/2017,07/09/2017,Orange
1885,28/08/2017,04/09/2017,Orange
1889,25/08/2017,08/09/2017,Orange
1890,25/08/2017,01/09/2017,Orange
1892,25/08/2017,01/09/2017,Orange
1893,25/08/2017,01/09/2017,Beer
1897,28/08/2017,04/09/2017,Orange
1899,25/08/2017,01/09/2017,Orange
1900,26/08/2017,02/09/2017,Beer
1903,25/08/2017,01/09/2017,Beer
1909,29/08/2017,05/09/2017,Beer
1911,25/08/2017,01/09/2017,Orange
1912,25/08/2017,01/09/2017,Beer
1913,25/08/2017,01/09/2017,Beer
1914,28/08/2017,04/09/2017,Beer
1916,25/08/2017,01/09/2017,Orange
1917,27/08/2017,03/09/2017,Beer
1918,25/08/2017,01/09/2017,Orange
1919,26/08/2017,02/09/2017,Beer
1920,01/09/2017,08/09/2017,Beer
1923,27/08/2017,03/09/2017,Beer
1924,26/08/2017,01/09/2017,Beer
1925,01/09/2017,08/09/2017,Beer
1926,25/08/2017,01/09/2017,Beer
1927,25/08/2017,01/09/2017,Beer
1932,25/08/2017,01/09/2017,Beer
1933,25/08/2017,01/09/2017,Beer
1935,29/08/2017,05/09/2017,Beer
1936,26/08/2017,02/09/2017,Beer
1938,28/08/2017,05/09/2017,Beer
1939,30/08/2017,07/09/2017,Orange
1941,26/08/2017,02/09/2017,Beer
1943,30/08/2017,06/09/2017,Beer
1944,26/08/2017,02/09/2017,Beer
1948,26/08/2017,02/09/2017,Beer
1949,25/08/2017,01/09/2017,Beer
1950,30/08/2017,05/09/2017,Beer
1951,25/08/2017,01/09/2017,Orange
1952,25/08/2017,01/09/2017,Beer
1953,25/08/2017,01/09/2017,Beer
1955,31/08/2017,07/09/2017,Beer
1963,25/08/2017,01/09/2017,Beer
1965,27/08/2017,02/09/2017,Beer
1966,01/09/2017,08/09/2017,Beer
1968,25/08/2017,01/09/2017,Beer
1969,26/08/2017,02/09/2017,Beer
1970,01/09/2017,08/09/2017,Beer
1972,25/08/2017,01/09/2017,Beer
1973,25/08/2017,01/09/2017,Beer
1974,31/08/2017,07/09/2017,Beer
1975,25/08/2017,01/09/2017,Beer
1984,25/08/2017,01/09/2017,Beer
1985,01/09/2017,07/09/2017,Beer
1992,28/08/2017,04/09/2017,Beer
1996,29/08/2017,05/09/2017,Beer
1997,25/08/2017,01/09/2017,Beer
1998,01/09/2017,08/09/2017,Beer
2000,25/08/2017,01/09/2017,Orange
2001,25/08/2017,01/09/2017,Beer
2002,25/08/2017,01/09/2017,Beer
2003,01/09/2017,08/09/2017,Orange
2004,25/08/2017,01/09/2017,Beer
2005,01/09/2017,08/09/2017,Orange
2006,27/08/2017,03/09/2017,Beer
2007,26/08/2017,06/09/2017,Orange
2008,29/08/2017,05/09/2017,Orange
2009,26/08/2017,08/09/2017,Beer
2010,01/09/2017,08/09/2017,Orange
2011,25/08/2017,01/09/2017,Orange
2012,31/08/2017,06/09/2017,Beer
2014,26/08/2017,02/09/2017,Orange
2015,27/08/2017,01/09/2017,Beer
2016,25/08/2017,01/09/2017,Orange
2017,25/08/2017,01/09/2017,Beer
2018,31/08/2017,07/09/2017,Orange
2019,27/08/2017,04/09/2017,Beer
2023,25/08/2017,01/09/2017,Beer
2024,25/08/2017,01/09/2017,Beer
2032,26/08/2017,02/09/2017,Orange
2033,26/08/2017,02/09/2017,Beer
2034,25/08/2017,01/09/2017,Orange
2036,25/08/2017,01/09/2017,Orange
2037,,,
2038,25/08/2017,01/09/2017,Orange
2039,01/09/2017,08/09/2017,Beer
2040,25/08/2017,01/09/2017,Beer
2041,26/08/2017,01/09/2017,Beer
2042,25/08/2017,01/09/2017,Orange
2043,25/08/2017,02/09/2017,Beer
2046,25/08/2017,01/09/2017,Orange
2049,25/08/2017,02/09/2017,Beer
2050,27/08/2017,03/09/2017,Beer
2051,26/08/2017,02/09/2017,Orange
2053,25/08/2017,01/09/2017,Orange
2054,25/08/2017,01/09/2017,Beer
2061,27/08/2017,03/09/2017,Beer
2062,25/08/2017,01/09/2017,Beer
2063,25/08/2017,01/09/2017,Beer
2064,28/08/2017,05/09/2017,Beer
2065,25/08/2017,01/09/2017,Beer
2066,26/08/2017,02/09/2017,Beer
2069,26/08/2017,02/09/2017,Orange
2072,27/08/2017,03/09/2017,Beer
2073,25/08/2017,01/09/2017,Beer
2074,25/08/2017,01/09/2017,Beer
2078,25/08/2017,02/09/2017,Beer
2079,29/08/2017,06/09/2017,Beer
2080,26/08/2017,02/09/2017,Orange
2081,25/08/2017,01/09/2017,Beer
2082,26/08/2017,02/09/2017,Beer
2084,26/08/2017,02/09/2017,Beer
2085,25/08/2017,01/09/2017,Orange
2086,25/08/2017,01/09/2017,Beer
2087,27/08/2017,03/09/2017,Beer
2090,25/08/2017,01/09/2017,Beer
2092,25/08/2017,01/09/2017,Beer
2094,25/08/2017,01/09/2017,Beer
2095,25/08/2017,01/09/2017,Orange
2096,26/08/2017,03/09/2017,Beer
2097,01/09/2017,08/09/2017,Beer
2100,26/08/2017,02/09/2017,Beer
2101,,,
2102,28/08/2017,03/09/2017,Beer
2103,25/08/2017,01/09/2017,Orange
2104,27/08/2017,03/09/2017,Beer
2106,25/08/2017,01/09/2017,Orange
2109,25/08/2017,01/09/2017,Beer
2110,25/08/2017,01/09/2017,Beer
2111,26/08/2017,01/09/2017,Beer
2113,25/08/2017,01/09/2017,Beer
2114,27/08/2017,03/09/2017,Beer
2116,28/08/2017,04/09/2017,Beer
2117,28/08/2017,05/09/2017,Beer
2118,25/08/2017,01/09/2017,Orange
2121,31/08/2017,07/09/2017,Orange
2122,25/08/2017,08/09/2017,Beer
2126,25/08/2017,01/09/2017,Beer
2129,25/08/2017,01/09/2017,Beer
2131,26/08/2017,02/09/2017,Beer
2132,28/08/2017,04/09/2017,Orange
2133,27/08/2017,03/09/2017,Beer
2134,25/08/2017,01/09/2017,Beer
2136,25/08/2017,01/09/2017,Beer
2137,26/08/2017,03/09/2017,Orange
2138,28/08/2017,04/09/2017,Beer
2139,31/08/2017,06/09/2017,Beer
2140,27/08/2017,03/09/2017,Beer
2143,01/09/2017,07/09/2017,Beer
2144,25/08/2017,01/09/2017,Beer
2145,25/08/2017,01/09/2017,Beer
2147,25/08/2017,01/09/2017,Beer
2148,25/08/2017,01/09/2017,Beer
2149,25/08/2017,01/09/2017,Orange
2150,31/08/2017,07/09/2017,Beer
2151,25/08/2017,01/09/2017,Beer
2155,25/08/2017,01/09/2017,Beer
2156,25/08/2017,01/09/2017,Orange
2157,26/08/2017,02/09/2017,Beer
2159,27/08/2017,02/09/2017,Orange
2161,27/08/2017,03/09/2017,Beer
2163,25/08/2017,01/09/2017,Beer
2164,25/08/2017,01/09/2017,Beer
2165,25/08/2017,01/09/2017,Beer
2166,25/08/2017,01/09/2017,Beer
2167,25/08/2017,01/09/2017,Orange
2170,01/09/2017,08/09/2017,Beer
2174,25/08/2017,01/09/2017,Beer
2175,25/08/2017,01/09/2017,Beer
2176,31/08/2017,07/09/2017,Orange
2178,25/08/2017,01/09/2017,Beer
2179,25/08/2017,01/09/2017,Orange
2182,26/08/2017,02/09/2017,Beer
2184,25/08/2017,01/09/2017,Beer
2185,25/08/2017,01/09/2017,Beer
2186,27/08/2017,03/09/2017,Orange
2187,25/08/2017,01/09/2017,Beer
2188,29/08/2017,05/09/2017,Orange
2190,25/08/2017,01/09/2017,Beer
2191,25/08/2017,01/09/2017,Orange
2192,26/08/2017,02/09/2017,Beer
2193,26/08/2017,02/09/2017,Beer
2194,31/08/2017,07/09/2017,Beer
2196,25/08/2017,01/09/2017,Orange
2197,30/08/2017,04/09/2017,Beer
2201,28/08/2017,03/09/2017,Orange
2203,25/08/2017,01/09/2017,Beer
2204,25/08/2017,01/09/2017,Beer
2205,25/08/2017,01/09/2017,Beer
2208,25/08/2017,02/09/2017,Orange
2210,27/08/2017,03/09/2017,Beer
2211,28/08/2017,03/09/2017,Beer
2212,28/08/2017,04/09/2017,Beer
2213,27/08/2017,04/09/2017,Beer
2214,25/08/2017,02/09/2017,Beer
2215,25/08/2017,01/09/2017,Beer
2219,25/08/2017,01/09/2017,Beer
2226,25/08/2017,01/09/2017,Beer
2227,26/08/2017,02/09/2017,Beer
2229,26/08/2017,02/09/2017,Beer
2230,25/08/2017,01/09/2017,Orange
2231,25/08/2017,01/09/2017,Beer
2232,25/08/2017,02/09/2017,Orange
2233,25/08/2017,01/09/2017,Beer
2234,29/08/2017,04/09/2017,Beer
2236,27/08/2017,03/09/2017,Beer
2237,25/08/2017,01/09/2017,Orange
2240,25/08/2017,02/09/2017,Beer
2241,25/08/2017,01/09/2017,Orange
2243,25/08/2017,01/09/2017,Orange
2247,28/08/2017,03/09/2017,Beer
2248,25/08/2017,01/09/2017,Orange
2250,26/08/2017,02/09/2017,Beer
2253,25/08/2017,01/09/2017,Orange
2254,25/08/2017,01/09/2017,Beer
2255,25/08/2017,01/09/2017,Orange
2256,26/08/2017,01/09/2017,Beer
2257,29/08/2017,05/09/2017,Beer
2258,27/08/2017,03/09/2017,Beer
2259,26/08/2017,02/09/2017,Orange
2262,,,
2263,25/08/2017,01/09/2017,Beer
2265,25/08/2017,01/09/2017,Beer
2267,25/08/2017,01/09/2017,Beer
2268,25/08/2017,01/09/2017,Beer
2270,25/08/2017,01/09/2017,Orange
2271,25/08/2017,01/09/2017,Beer
2272,26/08/2017,02/09/2017,Beer
2273,25/08/2017,01/09/2017,Beer
2274,25/08/2017,01/09/2017,Orange
2276,01/09/2017,08/09/2017,Orange
2279,27/08/2017,03/09/2017,Beer
2281,25/08/2017,01/09/2017,Orange
2282,27/08/2017,02/09/2017,Beer
2283,27/08/2017,03/09/2017,Beer
2286,25/08/2017,01/09/2017,Beer
2287,25/08/2017,01/09/2017,Orange
2289,25/08/2017,02/09/2017,Beer
2297,25/08/2017,01/09/2017,Beer
2298,01/09/2017,08/09/2017,Beer
2300,25/08/2017,01/09/2017,Beer
2303,25/08/2017,01/09/2017,Beer
2304,25/08/2017,02/09/2017,Orange
2306,25/08/2017,01/09/2017,Orange
2307,26/08/2017,08/09/2017,Beer
2309,25/08/2017,02/09/2017,Orange
2310,25/08/2017,01/09/2017,Beer
2312,25/08/2017,01/09/2017,Beer
2318,26/08/2017,02/09/2017,Beer
2319,25/08/2017,01/09/2017,Beer
2322,25/08/2017,01/09/2017,Orange
2324,26/08/2017,02/09/2017,Beer
2325,01/09/2017,08/09/2017,Beer
2326,26/08/2017,02/09/2017,Beer
2328,25/08/2017,01/09/2017,Beer
2329,26/08/2017,03/09/2017,Beer
2331,26/08/2017,02/09/2017,Orange
2332,01/09/2017,08/09/2017,Beer
2334,26/08/2017,02/09/2017,Orange
2335,25/08/2017,01/09/2017,Beer
2339,26/08/2017,02/09/2017,Beer
2341,26/08/2017,02/09/2017,Beer
2344,25/08/2017,01/09/2017,Orange
2347,25/08/2017,01/09/2017,Beer
2351,28/08/2017,04/09/2017,Beer
2353,26/08/2017,02/09/2017,Sugar Water
2355,25/08/2017,01/09/2017,Beer
2359,28/08/2017,04/09/2017,Beer
2362,25/08/2017,01/09/2017,Beer
2364,26/08/2017,02/09/2017,Beer
2365,25/08/2017,01/09/2017,Beer
2366,25/08/2017,01/09/2017,Beer
2367,25/08/2017,01/09/2017,Beer
2368,25/08/2017,02/09/2017,Beer
2370,25/08/2017,01/09/2017,Orange
2372,25/08/2017,01/09/2017,Beer
2375,29/08/2017,05/09/2017,Orange
2377,26/08/2017,02/09/2017,Orange
2378,01/09/2017,08/09/2017,Beer
2379,25/08/2017,02/09/2017,Orange
2380,27/08/2017,03/09/2017,Beer
2383,25/08/2017,01/09/2017,Beer
2385,25/08/2017,01/09/2017,Beer
2386,01/09/2017,08/09/2017,Orange
2388,26/08/2017,03/09/2017,Beer
2390,26/08/2017,01/09/2017,Beer
2391,25/08/2017,01/09/2017,Beer
2392,01/09/2017,08/09/2017,Beer
2393,25/08/2017,01/09/2017,Orange
2394,25/08/2017,01/09/2017,Beer
2397,28/08/2017,03/09/2017,Beer
2398,25/08/2017,01/09/2017,Beer
2400,26/08/2017,03/09/2017,Beer
2401,27/08/2017,03/09/2017,Beer
2402,25/08/2017,01/09/2017,Beer
2403,29/08/2017,05/09/2017,Beer
2405,26/08/2017,02/09/2017,Beer
2406,25/08/2017,01/09/2017,Beer
2407,25/08/2017,01/09/2017,Orange
2408,01/09/2017,08/09/2017,Beer
2409,25/08/2017,01/09/2017,Beer
2410,25/08/2017,01/09/2017,Beer
2416,26/08/2017,02/09/2017,Beer
2417,25/08/2017,02/09/2017,Orange
2418,26/08/2017,02/09/2017,Beer
2420,25/08/2017,02/09/2017,Orange
2421,25/08/2017,01/09/2017,Beer
2423,25/08/2017,01/09/2017,Orange
2424,01/09/2017,08/09/2017,Beer
2426,25/08/2017,01/09/2017,Orange
2427,25/08/2017,01/09/2017,Orange
2428,27/08/2017,02/09/2017,Beer
2429,26/08/2017,01/09/2017,Beer
2430,30/08/2017,06/09/2017,Beer
2431,25/08/2017,02/09/2017,Beer
2433,01/09/2017,08/09/2017,Orange
2435,25/08/2017,01/09/2017,Beer
2437,26/08/2017,02/09/2017,Beer
2438,30/08/2017,06/09/2017,Beer
2439,30/08/2017,07/09/2017,Beer
2443,25/08/2017,01/09/2017,Beer
2444,25/08/2017,01/09/2017,Beer
2445,28/08/2017,04/09/2017,Beer
2447,31/08/2017,07/09/2017,Orange
2448,27/08/2017,03/09/2017,Orange
2450,26/08/2017,02/09/2017,Orange
2452,25/08/2017,01/09/2017,Beer
2453,28/08/2017,03/09/2017,Beer
2457,25/08/2017,01/09/2017,Orange
2458,25/08/2017,01/09/2017,Beer
2459,25/08/2017,01/09/2017,Beer
2460,25/08/2017,01/09/2017,Beer
2467,30/08/2017,06/09/2017,Beer
2468,25/08/2017,01/09/2017,Orange
2473,29/08/2017,05/09/2017,Beer
2474,30/08/2017,05/09/2017,Beer
2475,26/08/2017,02/09/2017,Beer
2476,25/08/2017,01/09/2017,Orange
2483,30/08/2017,05/09/2017,Orange
2484,28/08/2017,04/09/2017,Beer
2485,30/08/2017,06/09/2017,Beer
2486,25/08/2017,01/09/2017,Beer
2488,29/08/2017,06/09/2017,Beer
2491,25/08/2017,01/09/2017,Beer
2493,01/09/2017,08/09/2017,Beer
2494,30/08/2017,06/09/2017,Beer
2495,25/08/2017,01/09/2017,Beer
2496,25/08/2017,01/09/2017,Beer
2497,25/08/2017,01/09/2017,Beer
2499,31/08/2017,07/09/2017,Beer
2500,25/08/2017,01/09/2017,Beer
2503,27/08/2017,03/09/2017,Beer
2510,29/08/2017,05/09/2017,Beer
2513,31/08/2017,08/09/2017,Beer
2517,25/08/2017,01/09/2017,Beer
2519,26/08/2017,01/09/2017,Beer
2528,30/08/2017,06/09/2017,Beer
2530,27/08/2017,03/09/2017,Beer
2531,25/08/2017,01/09/2017,Beer
2532,01/09/2017,08/09/2017,Beer
2533,01/09/2017,08/09/2017,Orange
2536,26/08/2017,02/09/2017,Orange
2537,26/08/2017,02/09/2017,Beer
2538,25/08/2017,01/09/2017,Beer
2539,31/08/2017,08/09/2017,Beer
2549,26/08/2017,02/09/2017,Beer
2552,25/08/2017,01/09/2017,Beer
2555,27/08/2017,03/09/2017,Beer
2557,25/08/2017,01/09/2017,Beer
2558,25/08/2017,01/09/2017,Beer
2559,27/08/2017,03/09/2017,Beer
2569,25/08/2017,01/09/2017,Orange
2571,25/08/2017,01/09/2017,Beer
2573,27/08/2017,02/09/2017,Beer
2576,01/09/2017,08/09/2017,Beer
2577,25/08/2017,03/09/2017,Beer
2579,30/08/2017,06/09/2017,Beer
2582,26/08/2017,02/09/2017,Beer
2590,27/08/2017,03/09/2017,Beer
2595,25/08/2017,03/09/2017,Beer
2597,25/08/2017,01/09/2017,Beer
2599,25/08/2017,01/09/2017,Orange
2605,26/08/2017,02/09/2017,Beer
2609,25/08/2017,01/09/2017,Orange
2613,26/08/2017,01/09/2017,Beer
2618,30/08/2017,06/09/2017,Beer
2620,25/08/2017,01/09/2017,Orange
2625,25/08/2017,01/09/2017,Orange
2630,26/08/2017,03/09/2017,Beer
2631,26/08/2017,03/09/2017,Beer
2632,26/08/2017,03/09/2017,Beer
2636,01/09/2017,08/09/2017,Beer
2639,01/09/2017,08/09/2017,Beer
2641,01/09/2017,08/09/2017,Beer
2642,01/09/2017,08/09/2017,Orange
2643,26/08/2017,03/09/2017,Orange
2645,27/08/2017,03/09/2017,Beer
2647,26/08/2017,02/09/2017,Beer
2648,26/08/2017,02/09/2017,Beer
2649,26/08/2017,02/09/2017,Beer
2650,26/08/2017,03/09/2017,Orange
2654,25/08/2017,01/09/2017,Beer
2655,27/08/2017,02/09/2017,Orange
2656,26/08/2017,02/09/2017,Orange
2657,27/08/2017,03/09/2017,Orange
2658,28/08/2017,04/09/2017,Orange
2659,26/08/2017,02/09/2017,Beer
2660,26/08/2017,02/09/2017,Beer
2661,26/08/2017,02/09/2017,Beer
2666,26/08/2017,02/09/2017,Beer
2669,25/08/2017,01/09/2017,Beer
2670,31/08/2017,07/09/2017,Beer
2672,30/08/2017,06/09/2017,Beer
2675,25/08/2017,01/09/2017,Orange
2676,28/08/2017,04/09/2017,Beer
2677,26/08/2017,02/09/2017,Beer
2680,26/08/2017,03/09/2017,Beer
2682,25/08/2017,01/09/2017,Orange
2687,27/08/2017,03/09/2017,Beer
2688,30/08/2017,06/09/2017,Beer
2693,31/08/2017,06/09/2017,Beer
2694,27/08/2017,03/09/2017,Beer
2698,27/08/2017,01/09/2017,Beer
2701,31/08/2017,07/09/2017,Beer
2723,26/08/2017,02/09/2017,Orange
2732,26/08/2017,02/09/2017,Beer
2746,27/08/2017,03/09/2017,Orange
2748,26/08/2017,02/09/2017,Beer
2749,25/08/2017,01/09/2017,Beer
2753,27/08/2017,02/09/2017,Orange
2757,26/08/2017,02/09/2017,Beer
2760,01/09/2017,07/09/2017,Beer
2762,25/08/2017,01/09/2017,Beer
2765,29/08/2017,05/09/2017,Beer
2767,26/08/2017,02/09/2017,Orange
2769,26/08/2017,02/09/2017,Beer
2770,30/08/2017,06/09/2017,Orange
2773,26/08/2017,02/09/2017,Orange
2775,26/08/2017,02/09/2017,Beer
2777,30/08/2017,06/09/2017,Beer
2779,25/08/2017,01/09/2017,Beer
2781,25/08/2017,01/09/2017,Beer
2782,26/08/2017,02/09/2017,Orange
2784,26/08/2017,02/09/2017,Beer
2785,27/08/2017,03/09/2017,Beer
2792,25/08/2017,02/09/2017,Beer
2795,28/08/2017,04/09/2017,Beer
2796,28/08/2017,04/09/2017,Beer
2799,25/08/2017,01/09/2017,Beer
2803,25/08/2017,01/09/2017,Orange
2804,26/08/2017,02/09/2017,Beer
2805,25/08/2017,01/09/2017,Orange
2806,26/08/2017,02/09/2017,Beer
2809,27/08/2017,03/09/2017,Beer
2811,26/08/2017,02/09/2017,Orange
2814,28/08/2017,04/09/2017,Beer
2815,27/08/2017,03/09/2017,Beer
2817,26/08/2017,02/09/2017,Beer
2818,26/08/2017,02/09/2017,Beer
2820,28/08/2017,04/09/2017,Beer
2823,29/08/2017,05/09/2017,Beer
2825,25/08/2017,01/09/2017,Orange
2827,27/08/2017,03/09/2017,Beer
2828,27/08/2017,03/09/2017,Orange
2829,27/08/2017,03/09/2017,Orange
2830,27/08/2017,03/09/2017,Beer
2831,26/08/2017,02/09/2017,Beer
2834,27/08/2017,03/09/2017,Beer
2835,26/08/2017,02/09/2017,Beer
2838,25/08/2017,02/09/2017,Orange
2844,25/08/2017,01/09/2017,Beer
2846,25/08/2017,01/09/2017,Beer
2848,26/08/2017,02/09/2017,Orange
2853,25/08/2017,01/09/2017,Beer
2854,27/08/2017,03/09/2017,Beer
2856,27/08/2017,03/09/2017,Beer
2858,28/08/2017,04/09/2017,Beer
2859,25/08/2017,01/09/2017,Orange
2860,30/08/2017,06/09/2017,Beer
2865,28/08/2017,05/09/2017,Beer
2867,26/08/2017,04/09/2017,Beer
2869,26/08/2017,01/09/2017,Beer
2871,01/09/2017,08/09/2017,Orange
2872,26/08/2017,02/09/2017,Beer
2873,26/08/2017,01/09/2017,Beer
2874,29/08/2017,05/09/2017,Orange
2881,29/08/2017,04/09/2017,Beer
2895,27/08/2017,03/09/2017,Orange
2896,26/08/2017,03/09/2017,Beer
2902,27/08/2017,03/09/2017,Orange
2903,,,
2905,27/08/2017,03/09/2017,Orange
2908,26/08/2017,05/09/2017,Beer
2909,31/08/2017,07/09/2017,Beer
2913,01/09/2017,08/09/2017,Beer
2914,27/08/2017,03/09/2017,Beer
2915,27/08/2017,03/09/2017,Beer
2916,01/09/2017,08/09/2017,Beer
2918,26/08/2017,02/09/2017,Beer
2919,27/08/2017,03/09/2017,Orange
2923,29/08/2017,04/09/2017,Beer
2926,26/08/2017,01/09/2017,Beer
2928,27/08/2017,03/09/2017,Orange
2931,29/08/2017,05/09/2017,Beer
2933,29/08/2017,04/09/2017,Orange
2936,26/08/2017,02/09/2017,Beer
2937,27/08/2017,03/09/2017,Beer
2939,28/08/2017,04/09/2017,Beer
2942,27/08/2017,03/09/2017,Beer
2949,01/09/2017,08/09/2017,Beer
2950,28/08/2017,04/09/2017,Beer
2951,28/08/2017,03/09/2017,Beer
2955,26/08/2017,02/09/2017,Beer
2957,27/08/2017,03/09/2017,Beer
2961,27/08/2017,03/09/2017,Beer
2962,30/08/2017,06/09/2017,Beer
2965,27/08/2017,03/09/2017,Beer
2966,27/08/2017,03/09/2017,Orange
2967,26/08/2017,02/09/2017,Beer
2971,29/08/2017,05/09/2017,Beer
2972,26/08/2017,02/09/2017,Orange
2976,26/08/2017,01/09/2017,Beer
2977,27/08/2017,02/09/2017,Orange
2978,28/08/2017,04/09/2017,Beer
2980,01/09/2017,07/09/2017,Beer
2987,28/08/2017,04/09/2017,Beer
2993,28/08/2017,04/09/2017,Beer
2998,01/09/2017,08/09/2017,Orange
3013,30/08/2017,08/09/2017,Orange
3014,01/09/2017,08/09/2017,Beer
3020,28/08/2017,04/09/2017,Beer
3024,25/08/2017,01/09/2017,Beer
3026,28/08/2017,03/09/2017,Beer
3035,30/08/2017,05/09/2017,Beer
3040,27/08/2017,08/09/2017,Beer
3051,27/08/2017,03/09/2017,Beer
3058,26/08/2017,02/09/2017,Beer
3070,26/08/2017,07/09/2017,Beer
3073,27/08/2017,03/09/2017,Beer
3076,30/08/2017,06/09/2017,Beer
3085,27/08/2017,03/09/2017,Orange
3089,28/08/2017,04/09/2017,Beer
3090,27/08/2017,03/09/2017,Beer
3095,26/08/2017,01/09/2017,Orange
3099,27/08/2017,02/09/2017,Orange
3101,25/08/2017,01/09/2017,Beer
3109,01/09/2017,08/09/2017,Orange
3115,28/08/2017,04/09/2017,Orange
3126,28/08/2017,04/09/2017,Beer
3128,26/08/2017,01/09/2017,Beer
3136,01/09/2017,08/09/2017,Beer
3145,01/09/2017,08/09/2017,Beer
3146,01/09/2017,08/09/2017,Orange
3156,27/08/2017,03/09/2017,Beer
3157,29/08/2017,05/09/2017,Orange
3159,28/08/2017,03/09/2017,Orange
3172,01/09/2017,08/09/2017,Orange
3174,26/08/2017,02/09/2017,Beer
3179,26/08/2017,02/09/2017,Beer
3181,01/09/2017,08/09/2017,Orange
3182,27/08/2017,03/09/2017,Beer
3184,25/08/2017,01/09/2017,Orange
3186,28/08/2017,04/09/2017,Beer
3188,29/08/2017,05/09/2017,Beer
3196,27/08/2017,03/09/2017,Beer
3200,01/09/2017,08/09/2017,Beer
3205,30/08/2017,06/09/2017,Orange
3206,27/08/2017,02/09/2017,Orange
3218,28/08/2017,04/09/2017,Orange
3224,25/08/2017,01/09/2017,Orange
3225,29/08/2017,04/09/2017,Beer
3228,25/08/2017,01/09/2017,Beer
3229,25/08/2017,02/09/2017,Beer
3236,27/08/2017,04/09/2017,Beer
3237,31/08/2017,06/09/2017,Beer
3241,27/08/2017,03/09/2017,Beer
3244,27/08/2017,03/09/2017,Orange
3245,27/08/2017,02/09/2017,Orange
3250,26/08/2017,02/09/2017,Orange
3253,28/08/2017,04/09/2017,Beer
3254,26/08/2017,08/09/2017,Orange
3256,30/08/2017,06/09/2017,Beer
3258,26/08/2017,02/09/2017,Beer
3259,28/08/2017,04/09/2017,Beer
3262,29/08/2017,04/09/2017,Orange
3267,31/08/2017,07/09/2017,Beer
3271,28/08/2017,04/09/2017,Beer
3280,30/08/2017,06/09/2017,Orange
3296,27/08/2017,03/09/2017,Beer
3298,30/08/2017,06/09/2017,Beer
3304,27/08/2017,03/09/2017,Orange
3307,26/08/2017,01/09/2017,Beer
3310,29/08/2017,06/09/2017,Orange
3314,28/08/2017,03/09/2017,Beer
3320,25/08/2017,08/09/2017,Orange
3322,25/08/2017,04/09/2017,Beer
3326,26/08/2017,03/09/2017,Beer
3333,27/08/2017,02/09/2017,Orange
3334,25/08/2017,01/09/2017,Beer
3336,25/08/2017,01/09/2017,Orange
3337,30/08/2017,08/09/2017,Orange
3343,01/09/2017,08/09/2017,Beer
3353,31/08/2017,07/09/2017,Beer
3359,27/08/2017,03/09/2017,Orange
3366,27/08/2017,02/09/2017,Orange
3371,27/08/2017,03/09/2017,Beer
3372,26/08/2017,02/09/2017,Beer
3376,27/08/2017,04/09/2017,Beer
3384,27/08/2017,03/09/2017,Beer
3396,01/09/2017,08/09/2017,Beer
3401,27/08/2017,03/09/2017,Beer
3402,28/08/2017,04/09/2017,Orange
3404,01/09/2017,08/09/2017,Orange
3406,27/08/2017,03/09/2017,Beer
3408,27/08/2017,03/09/2017,Orange
3409,26/08/2017,02/09/2017,Orange
3415,27/08/2017,03/09/2017,Orange
3418,29/08/2017,05/09/2017,Beer
3420,27/08/2017,03/09/2017,Beer
3426,01/09/2017,08/09/2017,Beer
3433,28/08/2017,04/09/2017,Orange
3435,28/08/2017,04/09/2017,Orange
3443,28/08/2017,03/09/2017,Beer
3447,27/08/2017,03/09/2017,Beer
3448,01/09/2017,08/09/2017,Beer
3454,27/08/2017,03/09/2017,Beer
3455,29/08/2017,05/09/2017,Orange
3459,27/08/2017,02/09/2017,Orange
3462,27/08/2017,03/09/2017,Beer
3463,27/08/2017,03/09/2017,Orange
3464,27/08/2017,03/09/2017,Beer
3471,27/08/2017,02/09/2017,Beer
3474,01/09/2017,08/09/2017,Orange
3485,26/08/2017,02/09/2017,Orange
3489,27/08/2017,03/09/2017,Beer
3490,01/09/2017,08/09/2017,Orange
3494,27/08/2017,03/09/2017,Beer
3495,26/08/2017,02/09/2017,Beer
3496,27/08/2017,03/09/2017,Beer
3500,01/09/2017,08/09/2017,Orange
3505,27/08/2017,03/09/2017,Beer
3506,29/08/2017,05/09/2017,Orange
3510,26/08/2017,02/09/2017,Beer
3512,01/09/2017,08/09/2017,Beer
3514,27/08/2017,03/09/2017,Beer
3518,27/08/2017,03/09/2017,Orange
3525,25/08/2017,01/09/2017,Beer
3529,27/08/2017,03/09/2017,Orange
3530,01/09/2017,08/09/2017,Beer
3535,29/08/2017,06/09/2017,Beer
3539,27/08/2017,03/09/2017,Beer
3542,27/08/2017,03/09/2017,Beer
3544,27/08/2017,03/09/2017,Beer
3545,25/08/2017,03/09/2017,Orange
3550,28/08/2017,04/09/2017,Beer
3551,01/09/2017,07/09/2017,Orange
3558,27/08/2017,03/09/2017,Beer
3560,25/08/2017,01/09/2017,Orange
3561,27/08/2017,03/09/2017,Orange
3569,27/08/2017,03/09/2017,Beer
3573,31/08/2017,06/09/2017,Beer
3579,28/08/2017,04/09/2017,Beer
3580,29/08/2017,05/09/2017,Beer
3581,01/09/2017,08/09/2017,Orange
3584,27/08/2017,01/09/2017,Beer
3585,27/08/2017,03/09/2017,Orange
3588,28/08/2017,03/09/2017,Orange
3589,01/09/2017,07/09/2017,Orange
3594,29/08/2017,05/09/2017,Beer
3595,29/08/2017,06/09/2017,Orange
3597,01/09/2017,08/09/2017,Beer
3598,01/09/2017,07/09/2017,Orange
3601,28/08/2017,04/09/2017,Beer
3606,28/08/2017,04/09/2017,Beer
3610,31/08/2017,01/09/2017,Orange
3614,01/09/2017,08/09/2017,Orange
3616,27/08/2017,02/09/2017,Beer
3618,26/08/2017,02/09/2017,Orange
3619,31/08/2017,07/09/2017,Orange
3620,01/09/2017,07/09/2017,Orange
3621,25/08/2017,01/09/2017,Beer
3622,27/08/2017,04/09/2017,Orange
3624,28/08/2017,04/09/2017,Beer
3625,29/08/2017,05/09/2017,Orange
3626,31/08/2017,06/09/2017,Orange
3629,01/09/2017,08/09/2017,Beer
3630,27/08/2017,03/09/2017,Beer
3633,28/08/2017,04/09/2017,Beer
3634,27/08/2017,03/09/2017,Beer
3636,28/08/2017,04/09/2017,Beer
3638,28/08/2017,03/09/2017,Beer
3640,27/08/2017,08/09/2017,Beer
3642,27/08/2017,03/09/2017,Beer
3645,26/08/2017,03/09/2017,Orange
3646,28/08/2017,04/09/2017,Beer
3649,27/08/2017,02/09/2017,Orange
3652,30/08/2017,06/09/2017,Beer
3657,27/08/2017,03/09/2017,Orange
3662,01/09/2017,08/09/2017,Beer
3663,31/08/2017,07/09/2017,Beer
3665,01/09/2017,07/09/2017,Beer
3670,27/08/2017,08/09/2017,Orange
3674,01/09/2017,08/09/2017,Beer
3676,27/08/2017,03/09/2017,Beer
3680,25/08/2017,01/09/2017,Orange
3682,28/08/2017,04/09/2017,Beer
3683,26/08/2017,02/09/2017,Orange
3684,27/08/2017,04/09/2017,Orange
3685,27/08/2017,03/09/2017,Beer
3687,31/08/2017,07/09/2017,Orange
3688,26/08/2017,01/09/2017,Orange
3689,29/08/2017,04/09/2017,Beer
3693,01/09/2017,08/09/2017,Beer
3694,27/08/2017,03/09/2017,Beer
3696,01/09/2017,08/09/2017,Beer
3701,28/08/2017,04/09/2017,Beer
3703,27/08/2017,03/09/2017,Beer
3710,27/08/2017,03/09/2017,Orange
3711,01/09/2017,08/09/2017,Beer
3713,25/08/2017,02/09/2017,Beer
3715,25/08/2017,01/09/2017,Beer
3716,27/08/2017,03/09/2017,Orange
3717,28/08/2017,04/09/2017,Orange
3723,26/08/2017,03/09/2017,Beer
3726,25/08/2017,01/09/2017,Orange
3730,01/09/2017,08/09/2017,Beer
3731,28/08/2017,04/09/2017,Orange
3738,27/08/2017,02/09/2017,Beer
3742,27/08/2017,04/09/2017,Beer
3744,27/08/2017,03/09/2017,Beer
3745,01/09/2017,07/09/2017,Beer
3748,25/08/2017,01/09/2017,Beer
3750,28/08/2017,03/09/2017,Beer
3753,30/08/2017,06/09/2017,Orange
3756,01/09/2017,08/09/2017,Beer
3760,01/09/2017,08/09/2017,Beer
3762,01/09/2017,07/09/2017,Beer
3763,27/08/2017,03/09/2017,Orange
3764,27/08/2017,02/09/2017,Orange
3769,28/08/2017,03/09/2017,Orange
3770,27/08/2017,03/09/2017,Orange
3771,26/08/2017,02/09/2017,Orange
3773,28/08/2017,04/09/2017,Beer
3774,28/08/2017,08/09/2017,Beer
3778,25/08/2017,06/09/2017,Beer
3781,31/08/2017,06/09/2017,Orange
3782,31/08/2017,08/09/2017,Orange
3784,30/08/2017,07/09/2017,Beer
3789,28/08/2017,04/09/2017,Orange
3790,31/08/2017,07/09/2017,Beer
3792,27/08/2017,05/09/2017,Beer
3793,28/08/2017,03/09/2017,Orange
3798,27/08/2017,03/09/2017,Beer
3802,27/08/2017,03/09/2017,Orange
3803,31/08/2017,08/09/2017,Orange
3812,27/08/2017,03/09/2017,Beer
3817,26/08/2017,02/09/2017,Beer
3821,27/08/2017,03/09/2017,Beer
3832,28/08/2017,03/09/2017,Beer
3834,28/08/2017,04/09/2017,Beer
3835,27/08/2017,08/09/2017,Orange
3836,27/08/2017,04/09/2017,Orange
3837,29/08/2017,05/09/2017,Orange
3838,28/08/2017,03/09/2017,Beer
3840,26/08/2017,01/09/2017,Beer
3841,25/08/2017,04/09/2017,Beer
3842,28/08/2017,05/09/2017,Beer
3844,27/08/2017,03/09/2017,Orange
3847,27/08/2017,03/09/2017,Beer
3852,27/08/2017,04/09/2017,Beer
3853,27/08/2017,03/09/2017,Beer
3854,01/09/2017,08/09/2017,Beer
3858,30/08/2017,05/09/2017,Beer
3860,26/08/2017,01/09/2017,Beer
3862,27/08/2017,03/09/2017,Orange
3864,27/08/2017,03/09/2017,Orange
3868,29/08/2017,05/09/2017,Beer
3869,27/08/2017,03/09/2017,Orange
3873,26/08/2017,02/09/2017,Orange
3874,29/08/2017,05/09/2017,Orange
3875,25/08/2017,01/09/2017,Orange
3877,28/08/2017,04/09/2017,Beer
3886,31/08/2017,07/09/2017,Orange
3890,26/08/2017,03/09/2017,Orange
3891,27/08/2017,03/09/2017,Beer
3892,27/08/2017,03/09/2017,Beer
3893,27/08/2017,03/09/2017,Beer
3894,27/08/2017,02/09/2017,Orange
3896,01/09/2017,08/09/2017,Beer
3902,29/08/2017,05/09/2017,Beer
3903,26/08/2017,02/09/2017,Orange
3904,27/08/2017,03/09/2017,Beer
3909,30/08/2017,06/09/2017,Beer
3915,26/08/2017,04/09/2017,Beer
3917,29/08/2017,05/09/2017,Orange
3918,27/08/2017,03/09/2017,Beer
3921,27/08/2017,03/09/2017,Orange
3922,27/08/2017,03/09/2017,Orange
3927,27/08/2017,03/09/2017,Beer
3928,27/08/2017,03/09/2017,Beer
3930,26/08/2017,01/09/2017,Beer
3932,25/08/2017,08/09/2017,Orange
3934,29/08/2017,05/09/2017,Beer
3941,27/08/2017,03/09/2017,Orange
3942,25/08/2017,08/09/2017,Orange
3943,27/08/2017,03/09/2017,Orange
3945,01/09/2017,08/09/2017,Orange
3947,31/08/2017,06/09/2017,Beer
3949,01/09/2017,08/09/2017,Orange
3950,29/08/2017,05/09/2017,Beer
3956,27/08/2017,03/09/2017,Orange
3958,28/08/2017,04/09/2017,Beer
3959,28/08/2017,04/09/2017,Beer
3962,27/08/2017,08/09/2017,Orange
3963,01/09/2017,07/09/2017,Orange
3967,26/08/2017,02/09/2017,Beer
3970,31/08/2017,07/09/2017,Beer
3971,27/08/2017,03/09/2017,Beer
3972,26/08/2017,02/09/2017,Beer
3973,25/08/2017,02/09/2017,Beer
3974,25/08/2017,01/09/2017,Orange
3975,31/08/2017,07/09/2017,Beer
3979,01/09/2017,08/09/2017,Beer
3986,28/08/2017,04/09/2017,Beer
3989,27/08/2017,03/09/2017,Beer
3990,29/08/2017,04/09/2017,Beer
3992,01/09/2017,08/09/2017,Beer
3993,28/08/2017,04/09/2017,Beer
3994,28/08/2017,04/09/2017,Orange
3997,27/08/2017,02/09/2017,Beer
3998,27/08/2017,03/09/2017,Beer
4000,26/08/2017,02/09/2017,Beer
4005,01/09/2017,08/09/2017,Beer
4015,25/08/2017,01/09/2017,Beer
4019,01/09/2017,08/09/2017,Beer
4021,26/08/2017,03/09/2017,Beer
4030,27/08/2017,04/09/2017,Orange
4035,01/09/2017,08/09/2017,Beer
4038,30/08/2017,06/09/2017,Orange
4050,30/08/2017,06/09/2017,Beer
4066,25/08/2017,02/09/2017,Orange
4070,01/09/2017,08/09/2017,Beer
4076,01/09/2017,08/09/2017,Beer
4083,01/09/2017,08/09/2017,Beer
4090,01/09/2017,08/09/2017,Beer
4094,27/08/2017,03/09/2017,Beer
4101,25/08/2017,01/09/2017,Beer
4102,30/08/2017,05/09/2017,Orange
4106,30/08/2017,06/09/2017,Orange
4114,25/08/2017,01/09/2017,Orange
4115,31/08/2017,07/09/2017,Beer
4121,01/09/2017,08/09/2017,Beer
4141,30/08/2017,06/09/2017,Beer
4144,01/09/2017,08/09/2017,Beer
4145,27/08/2017,03/09/2017,Orange
4150,01/09/2017,08/09/2017,Orange
4153,25/08/2017,01/09/2017,Orange
4158,25/08/2017,01/09/2017,Beer
4165,26/08/2017,02/09/2017,Orange
4192,01/09/2017,08/09/2017,Beer
4199,26/08/2017,02/09/2017,Beer
4207,01/09/2017,08/09/2017,Beer
4214,27/08/2017,02/09/2017,Beer
4221,28/08/2017,03/09/2017,Beer
4223,26/08/2017,02/09/2017,Beer
4225,26/08/2017,02/09/2017,Orange
4227,28/08/2017,04/09/2017,Beer
4232,25/08/2017,01/09/2017,Beer
4234,27/08/2017,03/09/2017,Orange
4237,27/08/2017,03/09/2017,Orange
4240,01/09/2017,08/09/2017,Beer
4241,28/08/2017,04/09/2017,Beer
4246,27/08/2017,03/09/2017,Beer
4249,27/08/2017,03/09/2017,Beer
4251,28/08/2017,04/09/2017,Orange
4252,27/08/2017,03/09/2017,Orange
4253,01/09/2017,08/09/2017,Beer
4254,01/09/2017,08/09/2017,Beer
4257,27/08/2017,02/09/2017,Orange
4258,27/08/2017,03/09/2017,Beer
4259,28/08/2017,04/09/2017,Orange
4260,27/08/2017,03/09/2017,Beer
4263,30/08/2017,06/09/2017,Orange
4264,27/08/2017,03/09/2017,Beer
4267,26/08/2017,02/09/2017,Beer
4270,28/08/2017,04/09/2017,Orange
4275,27/08/2017,03/09/2017,Orange
4279,27/08/2017,03/09/2017,Beer
4282,27/08/2017,02/09/2017,Beer
4283,28/08/2017,04/09/2017,Beer
4286,27/08/2017,03/09/2017,Beer
4288,27/08/2017,03/09/2017,Beer
4295,31/08/2017,07/09/2017,Beer
4296,27/08/2017,03/09/2017,Orange
4297,28/08/2017,04/09/2017,Orange
4299,28/08/2017,04/09/2017,Beer
4301,25/08/2017,01/09/2017,Orange
4302,26/08/2017,02/09/2017,Orange
4303,28/08/2017,04/09/2017,Beer
4306,26/08/2017,02/09/2017,Beer
4308,27/08/2017,03/09/2017,Beer
4309,27/08/2017,03/09/2017,Orange
4310,27/08/2017,02/09/2017,Beer
4311,27/08/2017,03/09/2017,Orange
4314,25/08/2017,02/09/2017,Beer
4316,27/08/2017,06/09/2017,Orange
4321,26/08/2017,02/09/2017,Orange
4324,27/08/2017,03/09/2017,Orange
4325,01/09/2017,08/09/2017,Beer
4328,01/09/2017,08/09/2017,Orange
4331,28/08/2017,04/09/2017,Beer
4332,01/09/2017,08/09/2017,Beer
4334,27/08/2017,02/09/2017,Beer
4341,29/08/2017,05/09/2017,Beer
4343,28/08/2017,04/09/2017,Beer
4351,,,
4360,30/08/2017,06/09/2017,Orange
4364,25/08/2017,01/09/2017,Beer
4371,27/08/2017,03/09/2017,Orange
4374,30/08/2017,06/09/2017,Beer
4376,30/08/2017,06/09/2017,Orange
4384,30/08/2017,06/09/2017,Beer
4387,01/09/2017,08/09/2017,Orange
4393,29/08/2017,05/09/2017,Beer
4397,01/09/2017,08/09/2017,Orange
4418,27/08/2017,03/09/2017,Orange
4419,30/08/2017,05/09/2017,Beer
4420,31/08/2017,08/09/2017,Orange
4430,27/08/2017,03/09/2017,Orange
4439,28/08/2017,04/09/2017,Orange
4444,26/08/2017,02/09/2017,Beer
4445,28/08/2017,04/09/2017,Beer
4456,27/08/2017,03/09/2017,Orange
4458,01/09/2017,08/09/2017,Orange
4464,27/08/2017,03/09/2017,Beer
4466,01/09/2017,08/09/2017,Orange
4469,25/08/2017,02/09/2017,Beer
4472,27/08/2017,01/09/2017,Beer
4473,01/09/2017,08/09/2017,Beer
4492,28/08/2017,04/09/2017,Orange
4494,25/08/2017,01/09/2017,Orange
4495,,,
4498,31/08/2017,07/09/2017,Beer
4505,27/08/2017,02/09/2017,Beer
4510,25/08/2017,01/09/2017,Orange
4521,31/08/2017,08/09/2017,Orange
4522,27/08/2017,02/09/2017,Beer
4525,26/08/2017,02/09/2017,Orange
4526,31/08/2017,07/09/2017,Orange
4530,01/09/2017,08/09/2017,Beer
4531,26/08/2017,03/09/2017,Beer
4533,01/09/2017,08/09/2017,Orange
4540,26/08/2017,02/09/2017,Orange
4541,01/09/2017,08/09/2017,Beer
4542,25/08/2017,01/09/2017,Beer
4546,27/08/2017,03/09/2017,Beer
4565,27/08/2017,03/09/2017,Beer
4576,01/09/2017,07/09/2017,Beer
4578,01/09/2017,08/09/2017,Beer
4582,,,
4588,27/08/2017,03/09/2017,Beer
4595,30/08/2017,06/09/2017,Beer
4597,31/08/2017,07/09/2017,Beer
4608,01/09/2017,08/09/2017,Orange
4612,27/08/2017,03/09/2017,Orange
4619,31/08/2017,07/09/2017,Beer
4626,27/08/2017,03/09/2017,Beer
4627,26/08/2017,02/09/2017,Orange
4631,27/08/2017,03/09/2017,Beer
4633,26/08/2017,02/09/2017,Orange
4637,27/08/2017,03/09/2017,Beer
4655,27/08/2017,02/09/2017,Beer
4656,26/08/2017,02/09/2017,Beer
4660,29/08/2017,05/09/2017,Beer
4664,28/08/2017,04/09/2017,Orange
4665,27/08/2017,03/09/2017,Beer
4669,27/08/2017,03/09/2017,Orange
4677,27/08/2017,03/09/2017,Orange
4678,31/08/2017,07/09/2017,Orange
4681,26/08/2017,03/09/2017,Orange
4682,27/08/2017,07/09/2017,Beer
4683,27/08/2017,03/09/2017,Beer
4693,27/08/2017,03/09/2017,Orange
4695,28/08/2017,04/09/2017,Beer
4701,29/08/2017,05/09/2017,Orange
4707,01/09/2017,08/09/2017,Orange
4716,31/08/2017,07/09/2017,Orange
4720,01/09/2017,08/09/2017,Beer
4725,27/08/2017,04/09/2017,Beer
4726,27/08/2017,03/09/2017,Orange
4727,27/08/2017,03/09/2017,Orange
4731,01/09/2017,08/09/2017,Beer
4741,30/08/2017,06/09/2017,Orange
4746,28/08/2017,04/09/2017,Beer
4747,01/09/2017,08/09/2017,Orange
4753,27/08/2017,03/09/2017,Beer
4756,31/08/2017,07/09/2017,Beer
4758,01/09/2017,08/09/2017,Beer
4761,30/08/2017,06/09/2017,Orange
4763,26/08/2017,02/09/2017,Beer
4769,01/09/2017,08/09/2017,Orange
4773,28/08/2017,04/09/2017,Beer
4776,31/08/2017,07/09/2017,Beer
4779,27/08/2017,03/09/2017,Beer
4784,27/08/2017,03/09/2017,Orange
4790,27/08/2017,03/09/2017,Orange
4794,26/08/2017,02/09/2017,Beer
4799,27/08/2017,03/09/2017,Orange
4801,30/08/2017,06/09/2017,Beer
4810,27/08/2017,02/09/2017,Orange
4816,31/08/2017,07/09/2017,Beer
4819,27/08/2017,03/09/2017,Orange
4827,01/09/2017,08/09/2017,Orange
4834,28/08/2017,03/09/2017,Orange
4839,27/08/2017,03/09/2017,Beer
4842,27/08/2017,03/09/2017,Beer
4843,27/08/2017,03/09/2017,Orange
4846,27/08/2017,03/09/2017,Beer
4856,31/08/2017,07/09/2017,Beer
4870,27/08/2017,03/09/2017,Beer
4871,25/08/2017,01/09/2017,Orange
4875,30/08/2017,05/09/2017,Beer
4883,30/08/2017,05/09/2017,Beer
4890,27/08/2017,03/09/2017,Orange
4892,28/08/2017,08/09/2017,Orange
4893,27/08/2017,03/09/2017,Orange
4896,26/08/2017,02/09/2017,Beer
4904,01/09/2017,08/09/2017,Orange
4907,29/08/2017,05/09/2017,Beer
4909,01/09/2017,08/09/2017,Orange
4910,25/08/2017,08/09/2017,Beer
4917,25/08/2017,01/09/2017,Orange
4918,25/08/2017,02/09/2017,Beer
4920,27/08/2017,03/09/2017,Beer
4925,01/09/2017,08/09/2017,Beer
4927,25/08/2017,01/09/2017,Orange
4930,31/08/2017,06/09/2017,Beer
4938,30/08/2017,06/09/2017,Beer
4939,27/08/2017,03/09/2017,Beer
4945,27/08/2017,03/09/2017,Beer
4947,30/08/2017,05/09/2017,Beer
4949,25/08/2017,02/09/2017,Orange
4951,29/08/2017,05/09/2017,Beer
4953,26/08/2017,02/09/2017,Orange
4954,26/08/2017,02/09/2017,Orange
4955,25/08/2017,02/09/2017,Orange
4956,25/08/2017,01/09/2017,Beer
4957,01/09/2017,08/09/2017,Beer
4959,27/08/2017,03/09/2017,Orange
4961,28/08/2017,04/09/2017,Beer
4964,30/08/2017,06/09/2017,Orange
4973,28/08/2017,04/09/2017,Beer
4978,01/09/2017,02/09/2017,Beer
4980,27/08/2017,03/09/2017,Beer
4990,01/09/2017,08/09/2017,Beer
5003,31/08/2017,07/09/2017,Beer
5006,27/08/2017,03/09/2017,Beer
5016,28/08/2017,03/09/2017,Beer
5018,27/08/2017,03/09/2017,Beer
5024,27/08/2017,03/09/2017,Orange
5027,28/08/2017,03/09/2017,Orange
5031,26/08/2017,02/09/2017,Orange
5032,01/09/2017,08/09/2017,Orange
5036,26/08/2017,02/09/2017,Beer
5057,01/09/2017,08/09/2017,Beer
5058,27/08/2017,03/09/2017,Beer
5059,27/08/2017,04/09/2017,Orange
5062,27/08/2017,03/09/2017,Orange
5070,26/08/2017,02/09/2017,Beer
5071,27/08/2017,03/09/2017,Orange
5078,27/08/2017,03/09/2017,Beer
5082,28/08/2017,05/09/2017,Beer
5089,27/08/2017,03/09/2017,Beer
5093,27/08/2017,03/09/2017,Orange
5094,28/08/2017,02/09/2017,Beer
5102,01/09/2017,08/09/2017,Beer
5109,01/09/2017,08/09/2017,Orange
5112,29/08/2017,05/09/2017,Orange
5122,01/09/2017,08/09/2017,Beer
5126,27/08/2017,03/09/2017,Orange
5128,29/08/2017,05/09/2017,Beer
5131,29/08/2017,05/09/2017,Beer
5138,01/09/2017,08/09/2017,Beer
5152,31/08/2017,06/09/2017,Beer
5161,27/08/2017,03/09/2017,Orange
5169,27/08/2017,02/09/2017,Orange
5180,27/08/2017,03/09/2017,Beer
5183,29/08/2017,04/09/2017,Beer
5187,29/08/2017,05/09/2017,Beer
5196,01/09/2017,08/09/2017,Beer
5198,30/08/2017,06/09/2017,Orange
5200,01/09/2017,08/09/2017,Beer
5202,31/08/2017,07/09/2017,Beer
5206,27/08/2017,03/09/2017,Beer
5211,01/09/2017,08/09/2017,Beer
5219,31/08/2017,07/09/2017,Orange
5225,01/09/2017,08/09/2017,Beer
5248,01/09/2017,08/09/2017,Beer
5249,26/08/2017,03/09/2017,Beer
5251,01/09/2017,08/09/2017,Beer
5257,28/08/2017,04/09/2017,Orange
5260,,,
5264,30/08/2017,06/09/2017,Beer
5266,26/08/2017,02/09/2017,Beer
5267,26/08/2017,02/09/2017,Beer
5269,27/08/2017,03/09/2017,Orange
5270,30/08/2017,06/09/2017,Orange
5271,01/09/2017,08/09/2017,Orange
5279,01/09/2017,08/09/2017,Beer
5285,29/08/2017,05/09/2017,Beer
5286,29/08/2017,06/09/2017,Beer
5291,01/09/2017,08/09/2017,Beer
5295,01/09/2017,08/09/2017,Beer
5297,01/09/2017,08/09/2017,Beer
5298,27/08/2017,03/09/2017,Beer
5310,01/09/2017,08/09/2017,Beer
5319,28/08/2017,04/09/2017,Orange
5324,01/09/2017,08/09/2017,Orange
5326,31/08/2017,07/09/2017,Beer
5328,28/08/2017,04/09/2017,Orange
5329,01/09/2017,08/09/2017,Beer
5338,01/09/2017,07/09/2017,Beer
5340,27/08/2017,03/09/2017,Orange
5354,27/08/2017,03/09/2017,Orange
5356,28/08/2017,04/09/2017,Beer
5361,27/08/2017,03/09/2017,Beer
5367,31/08/2017,01/09/2017,Beer
5369,27/08/2017,03/09/2017,Beer
5370,27/08/2017,03/09/2017,Beer
5377,26/08/2017,03/09/2017,Orange
5379,27/08/2017,03/09/2017,Beer
5384,27/08/2017,03/09/2017,Beer
5385,30/08/2017,06/09/2017,Beer
5386,27/08/2017,03/09/2017,Beer
5387,27/08/2017,03/09/2017,Orange
5388,27/08/2017,02/09/2017,Beer
5390,27/08/2017,04/09/2017,Orange
5394,27/08/2017,03/09/2017,Beer
5399,01/09/2017,08/09/2017,Beer
5401,01/09/2017,08/09/2017,Orange
5403,27/08/2017,03/09/2017,Orange
5405,30/08/2017,06/09/2017,Orange
5411,01/09/2017,08/09/2017,Orange
5425,31/08/2017,06/09/2017,Orange
5429,01/09/2017,08/09/2017,Beer
5431,01/09/2017,08/09/2017,Beer
5434,31/08/2017,06/09/2017,Orange
5435,31/08/2017,07/09/2017,Orange
5437,27/08/2017,03/09/2017,Beer
5444,28/08/2017,04/09/2017,Beer
5452,01/09/2017,08/09/2017,Beer
5454,01/09/2017,08/09/2017,Orange
5455,01/09/2017,08/09/2017,Beer
5457,27/08/2017,03/09/2017,Orange
5458,28/08/2017,03/09/2017,Beer
5462,27/08/2017,04/09/2017,Beer
5463,26/08/2017,02/09/2017,Orange
5470,27/08/2017,03/09/2017,Beer
5490,26/08/2017,03/09/2017,Orange
5502,27/08/2017,02/09/2017,Beer
5505,25/08/2017,01/09/2017,Beer
5509,30/08/2017,06/09/2017,Beer
5514,27/08/2017,03/09/2017,Orange
5527,01/09/2017,08/09/2017,Beer
5534,27/08/2017,03/09/2017,Orange
5540,01/09/2017,07/09/2017,Orange
5544,29/08/2017,05/09/2017,Beer
5545,01/09/2017,08/09/2017,Beer
5547,31/08/2017,01/09/2017,Beer
5551,01/09/2017,08/09/2017,Beer
5557,30/08/2017,06/09/2017,Beer
5560,01/09/2017,08/09/2017,Orange
5562,01/09/2017,08/09/2017,Beer
5567,30/08/2017,06/09/2017,Orange
5570,27/08/2017,04/09/2017,Orange
5575,01/09/2017,07/09/2017,Orange
5577,26/08/2017,01/09/2017,Orange
5592,31/08/2017,06/09/2017,Beer
5593,27/08/2017,04/09/2017,Beer
5594,28/08/2017,04/09/2017,Beer
5595,31/08/2017,01/09/2017,Beer
5597,28/08/2017,04/09/2017,Beer
5602,01/09/2017,08/09/2017,Beer
5603,01/09/2017,08/09/2017,Beer
5624,27/08/2017,03/09/2017,Orange
5625,27/08/2017,02/09/2017,Beer
5627,27/08/2017,03/09/2017,Orange
5637,26/08/2017,02/09/2017,Orange
5640,27/08/2017,03/09/2017,Orange
5647,01/09/2017,08/09/2017,Beer
5651,28/08/2017,04/09/2017,Orange
5657,30/08/2017,06/09/2017,Orange
5661,31/08/2017,07/09/2017,Beer
5677,27/08/2017,03/09/2017,Beer
5678,29/08/2017,04/09/2017,Orange
5685,27/08/2017,02/09/2017,Orange
5687,27/08/2017,03/09/2017,Orange
5691,01/09/2017,08/09/2017,Orange
5692,27/08/2017,03/09/2017,Orange
5699,28/08/2017,04/09/2017,Beer
5700,26/08/2017,08/09/2017,Beer
5701,29/08/2017,04/09/2017,Orange
5702,27/08/2017,04/09/2017,Beer
5705,27/08/2017,02/09/2017,Orange
5708,28/08/2017,03/09/2017,Orange
5709,28/08/2017,04/09/2017,Beer
5717,28/08/2017,04/09/2017,Orange
5722,01/09/2017,08/09/2017,Beer
5727,31/08/2017,07/09/2017,Beer
5742,27/08/2017,03/09/2017,Beer
5745,01/09/2017,07/09/2017,Beer
5747,30/08/2017,06/09/2017,Beer
5751,30/08/2017,06/09/2017,Beer
5755,28/08/2017,04/09/2017,Beer
5768,28/08/2017,06/09/2017,Orange
5769,29/08/2017,05/09/2017,Beer
5771,27/08/2017,02/09/2017,Beer
5772,27/08/2017,03/09/2017,Beer
5779,28/08/2017,04/09/2017,Orange
5780,28/08/2017,04/09/2017,Beer
5786,30/08/2017,05/09/2017,Beer
5795,26/08/2017,02/09/2017,Orange
5800,01/09/2017,08/09/2017,Beer
5801,01/09/2017,08/09/2017,Beer
5802,01/09/2017,08/09/2017,Orange
5805,28/08/2017,04/09/2017,Beer
5815,27/08/2017,03/09/2017,Beer
5817,27/08/2017,03/09/2017,Beer
5832,27/08/2017,03/09/2017,Orange
5841,01/09/2017,07/09/2017,Orange
5844,28/08/2017,04/09/2017,Orange
5846,28/08/2017,04/09/2017,Beer
5850,27/08/2017,04/09/2017,Beer
5863,27/08/2017,04/09/2017,Beer
5891,01/09/2017,01/09/2017,Beer
5906,27/08/2017,08/09/2017,Beer
5907,01/09/2017,07/09/2017,Beer
5910,29/08/2017,05/09/2017,Beer
5911,29/08/2017,04/09/2017,Beer
5912,28/08/2017,03/09/2017,Beer
5913,30/08/2017,06/09/2017,Orange
5916,28/08/2017,04/09/2017,Beer
5917,30/08/2017,06/09/2017,Orange
5920,30/08/2017,07/09/2017,Orange
5921,01/09/2017,07/09/2017,Beer
5923,31/08/2017,08/09/2017,Orange
5924,01/09/2017,07/09/2017,Beer
5929,28/08/2017,04/09/2017,Beer
5932,28/08/2017,05/09/2017,Beer
5941,28/08/2017,04/09/2017,Beer
5942,28/08/2017,07/09/2017,Beer
5943,28/08/2017,04/09/2017,Orange
5944,27/08/2017,03/09/2017,Beer
5947,28/08/2017,04/09/2017,Orange
5948,27/08/2017,03/09/2017,Beer
5949,30/08/2017,05/09/2017,Beer
5950,27/08/2017,03/09/2017,Orange
5951,29/08/2017,04/09/2017,Orange
5952,28/08/2017,04/09/2017,Beer
5954,28/08/2017,04/09/2017,Orange
5955,26/08/2017,02/09/2017,Orange
5958,27/08/2017,02/09/2017,Beer
5959,28/08/2017,04/09/2017,Beer
5960,28/08/2017,04/09/2017,Beer
5964,28/08/2017,04/09/2017,Beer
5966,27/08/2017,01/09/2017,Beer
5968,27/08/2017,03/09/2017,Beer
5969,27/08/2017,03/09/2017,Orange
5972,30/08/2017,06/09/2017,Beer
5973,28/08/2017,04/09/2017,Beer
5974,28/08/2017,04/09/2017,Orange
5975,28/08/2017,04/09/2017,Orange
5976,01/09/2017,08/09/2017,Orange
5978,29/08/2017,04/09/2017,Beer
5980,01/09/2017,08/09/2017,Beer
5982,29/08/2017,04/09/2017,Orange
5983,29/08/2017,05/09/2017,Beer
5987,25/08/2017,01/09/2017,Orange
5988,29/08/2017,05/09/2017,Beer
5989,29/08/2017,06/09/2017,Orange
5992,27/08/2017,02/09/2017,Orange
5995,28/08/2017,04/09/2017,Beer
5998,28/08/2017,04/09/2017,Beer
6000,30/08/2017,06/09/2017,Beer
6001,29/08/2017,05/09/2017,Beer
6002,29/08/2017,05/09/2017,Orange
6004,27/08/2017,03/09/2017,Orange
6007,28/08/2017,04/09/2017,Beer
6008,28/08/2017,04/09/2017,Beer
6009,29/08/2017,05/09/2017,Orange
6010,26/08/2017,08/09/2017,Orange
6012,27/08/2017,04/09/2017,Orange
6013,28/08/2017,04/09/2017,Beer
6016,27/08/2017,03/09/2017,Beer
6017,01/09/2017,08/09/2017,Beer
6019,28/08/2017,04/09/2017,Orange
6020,28/08/2017,04/09/2017,Beer
6022,27/08/2017,03/09/2017,Beer
6025,26/08/2017,01/09/2017,Orange
6027,28/08/2017,03/09/2017,Beer
6034,29/08/2017,05/09/2017,Beer
6035,28/08/2017,04/09/2017,Orange
6038,28/08/2017,03/09/2017,Orange
6043,28/08/2017,04/09/2017,Beer
6044,27/08/2017,03/09/2017,Orange
6046,28/08/2017,04/09/2017,Orange
6049,28/08/2017,04/09/2017,Orange
6050,30/08/2017,06/09/2017,Orange
6051,27/08/2017,03/09/2017,Orange
6057,28/08/2017,04/09/2017,Beer
6058,28/08/2017,04/09/2017,Orange
6059,31/08/2017,07/09/2017,Beer
6062,29/08/2017,04/09/2017,Orange
6063,28/08/2017,04/09/2017,Beer
6067,30/08/2017,06/09/2017,Beer
6068,28/08/2017,07/09/2017,Beer
6069,28/08/2017,05/09/2017,Beer
6071,27/08/2017,03/09/2017,Beer
6076,30/08/2017,06/09/2017,Beer
6077,30/08/2017,06/09/2017,Beer
6078,29/08/2017,05/09/2017,Beer
6079,30/08/2017,06/09/2017,Beer
6082,27/08/2017,03/09/2017,Orange
6083,28/08/2017,04/09/2017,Beer
6084,30/08/2017,06/09/2017,Orange
6085,29/08/2017,04/09/2017,Beer
6086,29/08/2017,05/09/2017,Beer
6088,28/08/2017,04/09/2017,Beer
6090,28/08/2017,05/09/2017,Beer
6093,28/08/2017,04/09/2017,Orange
6095,28/08/2017,04/09/2017,Beer
6096,29/08/2017,06/09/2017,Beer
6098,28/08/2017,04/09/2017,Orange
6099,28/08/2017,03/09/2017,Orange
6100,27/08/2017,02/09/2017,Beer
6101,28/08/2017,04/09/2017,Beer
6103,27/08/2017,04/09/2017,Orange
6106,25/08/2017,01/09/2017,Orange
6107,28/08/2017,04/09/2017,Beer
6110,27/08/2017,03/09/2017,Orange
6111,28/08/2017,04/09/2017,Beer
6112,28/08/2017,04/09/2017,Beer
6117,28/08/2017,03/09/2017,Orange
6120,28/08/2017,04/09/2017,Beer
6124,28/08/2017,05/09/2017,Orange
6128,01/09/2017,08/09/2017,Orange
6131,28/08/2017,04/09/2017,Orange
6132,29/08/2017,05/09/2017,Orange
6133,01/09/2017,08/09/2017,Beer
6136,28/08/2017,03/09/2017,Orange
6137,28/08/2017,04/09/2017,Beer
6138,29/08/2017,05/09/2017,Beer
6140,28/08/2017,04/09/2017,Beer
6141,27/08/2017,02/09/2017,Beer
6144,27/08/2017,03/09/2017,Beer
6145,01/09/2017,08/09/2017,Beer
6146,28/08/2017,04/09/2017,Beer
6147,31/08/2017,07/09/2017,Orange
6149,01/09/2017,08/09/2017,Beer
6150,28/08/2017,04/09/2017,Beer
6152,28/08/2017,04/09/2017,Orange
6153,29/08/2017,05/09/2017,Beer
6156,31/08/2017,06/09/2017,Beer
6157,01/09/2017,08/09/2017,Beer
6159,26/08/2017,01/09/2017,Orange
6163,27/08/2017,03/09/2017,Beer
6165,29/08/2017,04/09/2017,Orange
6166,28/08/2017,04/09/2017,Beer
6167,27/08/2017,05/09/2017,Beer
6168,28/08/2017,04/09/2017,Orange
6169,28/08/2017,04/09/2017,Beer
6171,28/08/2017,04/09/2017,Orange
6172,28/08/2017,04/09/2017,Beer
6175,28/08/2017,04/09/2017,Beer
6176,30/08/2017,08/09/2017,Beer
6180,01/09/2017,08/09/2017,Beer
6181,28/08/2017,03/09/2017,Beer
6182,28/08/2017,04/09/2017,Beer
6185,28/08/2017,04/09/2017,Beer
6186,28/08/2017,05/09/2017,Beer
6190,27/08/2017,04/09/2017,Beer
6195,27/08/2017,03/09/2017,Beer
6196,28/08/2017,04/09/2017,Beer
6200,28/08/2017,04/09/2017,Orange
6201,29/08/2017,05/09/2017,Orange
6202,28/08/2017,04/09/2017,Orange
6203,28/08/2017,04/09/2017,Beer
6204,28/08/2017,04/09/2017,Beer
6208,30/08/2017,07/09/2017,Beer
6209,01/09/2017,08/09/2017,Beer
6211,25/08/2017,01/09/2017,Beer
6212,29/08/2017,05/09/2017,Beer
6213,27/08/2017,03/09/2017,Beer
6215,27/08/2017,03/09/2017,Beer
6216,27/08/2017,03/09/2017,Orange
6218,28/08/2017,04/09/2017,Beer
6220,27/08/2017,03/09/2017,Orange
6222,01/09/2017,08/09/2017,Orange
6227,01/09/2017,08/09/2017,Beer
6228,27/08/2017,03/09/2017,Beer
6229,30/08/2017,06/09/2017,Beer
6233,29/08/2017,04/09/2017,Orange
6234,28/08/2017,04/09/2017,Orange
6235,28/08/2017,04/09/2017,Beer
6236,31/08/2017,07/09/2017,Beer
6237,28/08/2017,04/09/2017,Beer
6245,28/08/2017,04/09/2017,Beer
6246,28/08/2017,04/09/2017,Beer
6250,27/08/2017,03/09/2017,Orange
6254,28/08/2017,04/09/2017,Beer
6263,27/08/2017,03/09/2017,Orange
6264,29/08/2017,04/09/2017,Beer
6265,28/08/2017,04/09/2017,Orange
6268,27/08/2017,03/09/2017,Beer
6270,28/08/2017,04/09/2017,Beer
6275,27/08/2017,03/09/2017,Beer
6277,30/08/2017,06/09/2017,Orange
6278,27/08/2017,03/09/2017,Orange
6279,28/08/2017,04/09/2017,Orange
6280,28/08/2017,04/09/2017,Beer
6284,25/08/2017,08/09/2017,Orange
6285,25/08/2017,01/09/2017,Orange
6290,28/08/2017,04/09/2017,Beer
6291,28/08/2017,04/09/2017,Beer
6294,29/08/2017,05/09/2017,Beer
6296,01/09/2017,08/09/2017,Beer
6298,27/08/2017,03/09/2017,Orange
6299,29/08/2017,05/09/2017,Orange
6303,27/08/2017,01/09/2017,Beer
6304,28/08/2017,04/09/2017,Orange
6305,27/08/2017,03/09/2017,Beer
6306,,,
6307,28/08/2017,04/09/2017,Beer
6309,28/08/2017,04/09/2017,Beer
6310,28/08/2017,03/09/2017,Beer
6311,28/08/2017,03/09/2017,Beer
6312,28/08/2017,04/09/2017,Beer
6313,30/08/2017,05/09/2017,Orange
6315,25/08/2017,04/09/2017,Orange
6318,29/08/2017,05/09/2017,Beer
6319,01/09/2017,08/09/2017,Beer
6320,27/08/2017,03/09/2017,Beer
6324,29/08/2017,01/09/2017,Orange
6326,28/08/2017,05/09/2017,Beer
6327,29/08/2017,06/09/2017,Beer
6328,,,
6330,28/08/2017,04/09/2017,Beer
6333,26/08/2017,02/09/2017,Beer
6335,01/09/2017,08/09/2017,Orange
6337,27/08/2017,02/09/2017,Beer
6338,28/08/2017,04/09/2017,Beer
6341,31/08/2017,07/09/2017,Orange
6342,28/08/2017,04/09/2017,Beer
6345,28/08/2017,04/09/2017,Orange
6352,28/08/2017,04/09/2017,Beer
6353,28/08/2017,04/09/2017,Orange
6355,29/08/2017,06/09/2017,Beer
6357,31/08/2017,07/09/2017,Orange
6358,29/08/2017,05/09/2017,Beer
6366,29/08/2017,04/09/2017,Beer
6367,28/08/2017,05/09/2017,Beer
6369,28/08/2017,04/09/2017,Beer
6370,29/08/2017,05/09/2017,Beer
6374,27/08/2017,03/09/2017,Beer
6377,28/08/2017,03/09/2017,Beer
6378,31/08/2017,07/09/2017,Beer
6379,28/08/2017,04/09/2017,Orange
6381,31/08/2017,08/09/2017,Orange
6382,28/08/2017,04/09/2017,Orange
6386,30/08/2017,06/09/2017,Beer
6387,31/08/2017,07/09/2017,Beer
6390,29/08/2017,05/09/2017,Orange
6392,25/08/2017,01/09/2017,Beer
6394,28/08/2017,04/09/2017,Beer
6397,28/08/2017,04/09/2017,Orange
6399,28/08/2017,04/09/2017,Beer
6400,31/08/2017,07/09/2017,Beer
6401,27/08/2017,03/09/2017,Orange
6402,28/08/2017,03/09/2017,Beer
6403,29/08/2017,05/09/2017,Beer
6404,27/08/2017,03/09/2017,Beer
6409,28/08/2017,03/09/2017,Beer
6410,28/08/2017,04/09/2017,Beer
6414,28/08/2017,04/09/2017,Beer
6420,01/09/2017,07/09/2017,Orange
6421,30/08/2017,06/09/2017,Beer
6423,28/08/2017,04/09/2017,Beer
6425,01/09/2017,08/09/2017,Orange
6426,28/08/2017,04/09/2017,Orange
6427,27/08/2017,03/09/2017,Beer
6429,28/08/2017,04/09/2017,Beer
6430,28/08/2017,03/09/2017,Beer
6431,29/08/2017,05/09/2017,Beer
6432,31/08/2017,07/09/2017,Orange
6436,31/08/2017,07/09/2017,Beer
6440,30/08/2017,06/09/2017,Orange
6441,25/08/2017,01/09/2017,Beer
6442,01/09/2017,08/09/2017,Beer
6446,28/08/2017,04/09/2017,Orange
6448,28/08/2017,04/09/2017,Beer
6449,29/08/2017,06/09/2017,Beer
6453,01/09/2017,08/09/2017,Beer
6456,25/08/2017,01/09/2017,Orange
6457,25/08/2017,01/09/2017,Beer
6458,28/08/2017,05/09/2017,Orange
6460,30/08/2017,05/09/2017,Orange
6461,28/08/2017,03/09/2017,Beer
6462,28/08/2017,04/09/2017,Orange
6464,30/08/2017,05/09/2017,Beer
6470,25/08/2017,01/09/2017,Orange
6471,28/08/2017,05/09/2017,Orange
6472,01/09/2017,08/09/2017,Beer
6476,26/08/2017,02/09/2017,Orange
6477,28/08/2017,04/09/2017,Orange
6479,29/08/2017,05/09/2017,Beer
6481,28/08/2017,04/09/2017,Beer
6482,25/08/2017,01/09/2017,Orange
6483,30/08/2017,06/09/2017,Orange
6489,28/08/2017,05/09/2017,Beer
6490,31/08/2017,08/09/2017,Orange
6494,29/08/2017,05/09/2017,Beer
6495,28/08/2017,04/09/2017,Orange
6496,28/08/2017,04/09/2017,Beer
6497,30/08/2017,06/09/2017,Beer
6500,28/08/2017,04/09/2017,Beer
6507,28/08/2017,04/09/2017,Beer
6508,01/09/2017,08/09/2017,Beer
6509,28/08/2017,04/09/2017,Beer
6511,28/08/2017,05/09/2017,Orange
6513,28/08/2017,04/09/2017,Beer
6514,28/08/2017,03/09/2017,Beer
6517,31/08/2017,07/09/2017,Beer
6518,28/08/2017,04/09/2017,Beer
6519,25/08/2017,01/09/2017,Orange
6521,27/08/2017,03/09/2017,Orange
6525,28/08/2017,04/09/2017,Beer
6527,29/08/2017,04/09/2017,Orange
6528,30/08/2017,07/09/2017,Beer
6529,28/08/2017,03/09/2017,Orange
6530,28/08/2017,04/09/2017,Beer
6533,26/08/2017,02/09/2017,Orange
6537,30/08/2017,06/09/2017,Orange
6538,28/08/2017,04/09/2017,Beer
6539,27/08/2017,08/09/2017,Beer
6540,26/08/2017,02/09/2017,Orange
6542,27/08/2017,03/09/2017,Beer
6544,29/08/2017,05/09/2017,Beer
6546,26/08/2017,01/09/2017,Orange
6548,27/08/2017,03/09/2017,Orange
6551,26/08/2017,02/09/2017,Beer
6560,29/08/2017,05/09/2017,Beer
6561,27/08/2017,03/09/2017,Beer
6565,26/08/2017,02/09/2017,Beer
6567,28/08/2017,04/09/2017,Beer
6568,27/08/2017,03/09/2017,Orange
6570,28/08/2017,04/09/2017,Beer
6571,29/08/2017,05/09/2017,Orange
6572,29/08/2017,06/09/2017,Beer
6573,29/08/2017,05/09/2017,Beer
6574,27/08/2017,03/09/2017,Beer
6577,28/08/2017,04/09/2017,Beer
6579,28/08/2017,04/09/2017,Beer
6582,28/08/2017,04/09/2017,Beer
6584,30/08/2017,06/09/2017,Beer
6585,25/08/2017,07/09/2017,Beer
6587,27/08/2017,03/09/2017,Orange
6588,29/08/2017,05/09/2017,Beer
6589,26/08/2017,02/09/2017,Orange
6591,29/08/2017,05/09/2017,Beer
6592,31/08/2017,07/09/2017,Beer
6593,25/08/2017,01/09/2017,Orange
6594,01/09/2017,07/09/2017,Orange
6597,29/08/2017,05/09/2017,Beer
6601,25/08/2017,03/09/2017,Beer
6602,27/08/2017,03/09/2017,Beer
6603,01/09/2017,08/09/2017,Orange
6605,27/08/2017,03/09/2017,Orange
6606,28/08/2017,05/09/2017,Orange
6608,31/08/2017,07/09/2017,Beer
6609,28/08/2017,03/09/2017,Beer
6610,01/09/2017,08/09/2017,Beer
6613,28/08/2017,04/09/2017,Beer
6616,26/08/2017,02/09/2017,Beer
6617,26/08/2017,02/09/2017,Beer
6618,27/08/2017,03/09/2017,Beer
6622,01/09/2017,07/09/2017,Orange
6624,31/08/2017,07/09/2017,Beer
6629,29/08/2017,05/09/2017,Orange
6631,27/08/2017,03/09/2017,Beer
6633,28/08/2017,04/09/2017,Orange
6635,28/08/2017,04/09/2017,Beer
6636,31/08/2017,07/09/2017,Beer
6637,31/08/2017,07/09/2017,Orange
6639,28/08/2017,04/09/2017,Orange
6640,27/08/2017,02/09/2017,Beer
6644,25/08/2017,01/09/2017,Orange
6650,29/08/2017,05/09/2017,Beer
6652,27/08/2017,02/09/2017,Orange
6662,29/08/2017,05/09/2017,Beer
6664,01/09/2017,08/09/2017,Beer
6667,29/08/2017,01/09/2017,Orange
6668,,,
6676,31/08/2017,07/09/2017,Beer
6677,26/08/2017,02/09/2017,Orange
6678,26/08/2017,02/09/2017,Beer
6679,26/08/2017,02/09/2017,Beer
6680,26/08/2017,02/09/2017,Beer
6684,28/08/2017,04/09/2017,Beer
6701,29/08/2017,05/09/2017,Beer
6702,28/08/2017,05/09/2017,Beer
6703,29/08/2017,05/09/2017,Beer
6704,29/08/2017,05/09/2017,Beer
6706,25/08/2017,01/09/2017,Beer
6708,25/08/2017,01/09/2017,Beer
6709,25/08/2017,01/09/2017,Orange
6711,29/08/2017,05/09/2017,Beer
6712,29/08/2017,05/09/2017,Beer
6713,29/08/2017,05/09/2017,Beer
6714,29/08/2017,05/09/2017,Beer
6715,27/08/2017,03/09/2017,Beer
6716,25/08/2017,01/09/2017,Beer
6717,30/08/2017,06/09/2017,Orange
6720,31/08/2017,07/09/2017,Beer
6722,28/08/2017,04/09/2017,Orange
6723,31/08/2017,01/09/2017,Beer
6724,31/08/2017,07/09/2017,Beer
6725,25/08/2017,01/09/2017,Orange
6726,30/08/2017,07/09/2017,Beer
6727,27/08/2017,03/09/2017,Orange
6728,27/08/2017,03/09/2017,Beer
6729,27/08/2017,03/09/2017,Orange
6730,27/08/2017,03/09/2017,Beer
6731,26/08/2017,02/09/2017,Beer
6732,26/08/2017,02/09/2017,Beer
6733,26/08/2017,02/09/2017,Beer
6734,26/08/2017,02/09/2017,Beer
6735,29/08/2017,04/09/2017,Beer
6736,30/08/2017,06/09/2017,Beer
6737,28/08/2017,04/09/2017,Beer
6738,26/08/2017,04/09/2017,Orange
6739,26/08/2017,02/09/2017,Beer
6741,01/09/2017,08/09/2017,Beer
6742,28/08/2017,04/09/2017,Beer
6743,28/08/2017,04/09/2017,Beer
6747,29/08/2017,05/09/2017,Orange
6748,30/08/2017,06/09/2017,Beer
6749,27/08/2017,04/09/2017,Orange
6750,27/08/2017,04/09/2017,Beer
6751,01/09/2017,08/09/2017,Orange
6752,01/09/2017,08/09/2017,Orange
6754,01/09/2017,08/09/2017,Orange
6755,30/08/2017,06/09/2017,Beer
6756,31/08/2017,07/09/2017,Orange
6757,31/08/2017,07/09/2017,Beer
6758,01/09/2017,08/09/2017,Beer
6759,25/08/2017,08/09/2017,Beer
5040/255,,,
4255,,,
1108,,,
3586,,,
1193,,,
1210,,,
3596,,,
346,,,
379,,,
6655,,,
,,,
2245,,,
,,,
3866,,,
5933,,,