Sample,Trap_ID,Method,Region,cluster,Year,LIST2007,LIST2007.1,LIST2003,LIST2003.1,LIST2013,LIST2013.1,LIST2018,LIST2018.1,VMA3,VMA3.1,LIST2004,LIST2004.1,LIST2001,LIST2001.1,LIST2011,LIST2011.1,VMA6,VMA6.1,R1.169,R1.169.1,LIST2017,LIST2017.1,Rufa19,Rufa19.1,D3.15,D3.15.1,VMA4,VMA4.1,Code,Postcode,Latitude,Longitude,Vespula_vulgaris,count_na_row
12,12,Dneasy,NE,NA,2017,148,148,199,201,201,201,140,140,257,257,155,155,145,157,132,138,266,288,146,172,158,158,218,218,NA,NA,NA,NA,CW,CW84HR,53.271603,-2.5548248,4,2
45,45,Dneasy,SE,NA,2017,148,148,197,199,201,210,142,142,259,259,NA,NA,137,159,NA,NA,282,286,146,166,158,158,218,218,NA,NA,NA,NA,GL,GL27AU,51.738504,-2.3734261,2,4
68,68,Dneasy,SC,NA,2017,146,148,199,205,204,207,138,138,257,271,155,170,149,159,138,138,278,280,160,166,158,160,212,222,NA,NA,NA,NA,AB,AB301AD,56.834723,-2.4648893,1,2
0078A,78,Chelex,NI,NA,2017,145,145,NA,NA,NA,NA,NA,NA,NA,NA,NA,NA,NA,NA,NA,NA,NA,NA,NA,NA,NA,NA,NA,NA,148,148,NA,NA,BT,BT703JH,54.6103,-6.8351,51,12
0078B,78,Chelex,NI,NA,2017,150,150,NA,NA,NA,NA,NA,NA,NA,NA,NA,NA,NA,NA,NA,NA,NA,NA,NA,NA,NA,NA,NA,NA,150,150,NA,NA,BT,BT703JH,54.6103,-6.8351,51,12
0078C,78,Chelex,NI,NA,2017,NA,NA,NA,NA,NA,NA,NA,NA,NA,NA,NA,NA,147,147,138,138,NA,NA,146,146,NA,NA,NA,NA,NA,NA,NA,NA,BT,BT703JH,54.6103,-6.8351,51,11
0078D,78,Chelex,NI,NA,2017,NA,NA,NA,NA,NA,NA,NA,NA,NA,NA,NA,NA,NA,NA,138,138,NA,NA,NA,NA,NA,NA,NA,NA,NA,NA,NA,NA,BT,BT703JH,54.6103,-6.8351,51,13
0078E,78,Chelex,NI,NA,2017,NA,NA,NA,NA,NA,NA,NA,NA,NA,NA,NA,NA,139,147,141,141,NA,NA,146,146,NA,NA,NA,NA,148,148,NA,NA,BT,BT703JH,54.6103,-6.8351,51,10
0078F,78,Chelex,NI,NA,2017,148,148,NA,NA,NA,NA,152,152,NA,NA,NA,NA,151,151,132,138,NA,NA,146,146,158,158,NA,NA,146,168,NA,NA,BT,BT703JH,54.6103,-6.8351,51,7
0078G,78,Chelex,NI,NA,2017,NA,NA,NA,NA,NA,NA,NA,NA,NA,NA,NA,NA,151,151,138,138,NA,NA,NA,NA,NA,NA,NA,NA,NA,NA,NA,NA,BT,BT703JH,54.6103,-6.8351,51,12
0078H,78,Chelex,NI,NA,2017,NA,NA,NA,NA,NA,NA,NA,NA,NA,NA,NA,NA,151,151,132,138,NA,NA,146,146,158,158,NA,NA,146,152,NA,NA,BT,BT703JH,54.6103,-6.8351,51,9
0078I,78,Chelex,NI,NA,2017,NA,NA,NA,NA,NA,NA,NA,NA,NA,NA,NA,NA,NA,NA,NA,NA,NA,NA,146,146,158,158,NA,NA,146,146,NA,NA,BT,BT703JH,54.6103,-6.8351,51,11
89,89,Dneasy,EE,NA,2017,148,148,197,201,201,210,140,146,257,259,155,173,139,147,138,138,274,280,146,160,154,158,214,218,NA,NA,NA,NA,NR,NR339NS,52.470442,1.7181278,1,2
110,110,Dneasy,EE,NA,2017,148,148,201,201,204,207,132,132,259,271,155,164,147,147,132,138,266,276,146,146,158,158,214,222,NA,NA,NA,NA,NG,NG220RX,53.249877,-0.89271198,1,2
124,124,Dneasy,SE,NA,2017,147,148,199,211,207,207,134,142,259,259,155,155,151,153,132,138,282,292,172,186,170,170,NA,NA,NA,NA,NA,NA,SP,SP35BX,51.090372,-2.0466689,1,3
148,148,Dneasy,EE,NA,2017,148,148,197,211,204,207,130,138,259,271,155,164,137,153,132,138,282,286,146,158,158,158,218,220,NA,NA,NA,NA,CO,CO94BZ,52.042676,0.49252148,9,2
192,192,Dneasy,EE,NA,2017,146,148,197,225,204,207,130,142,257,273,164,170,137,141,138,138,278,288,160,170,158,158,218,220,NA,NA,NA,NA,NN,NN83PR,52.293251,-0.71727345,1,2
224,224,Dneasy,SC,NA,2017,146,146,199,199,204,210,134,138,259,259,155,158,149,161,132,138,278,286,146,146,158,158,216,220,NA,NA,NA,NA,AB,AB392PX,56.956169,-2.214562,8,2
304,304,Dneasy,SC,NA,2017,148,148,197,197,201,210,136,142,257,259,158,158,141,145,NA,NA,270,272,146,148,158,158,218,220,NA,NA,NA,NA,FK,FK94PS,56.16416,-3.9484152,2,3
307,307,Dneasy,SC,NA,2017,160,160,205,211,207,214,128,150,255,259,155,170,149,151,138,138,274,280,146,178,158,158,218,220,NA,NA,NA,NA,KY,KY157NT,56.278988,-3.1235906,14,2
315,315,Dneasy,WE,NA,2017,147,148,197,197,201,207,136,140,259,259,158,170,147,151,138,138,278,286,148,170,158,158,212,218,NA,NA,NA,NA,HR,HR14DL,52.069476,-2.642531,1,2
335,335,Dneasy,SE,NA,2017,148,148,207,217,201,201,132,142,257,259,149,149,141,157,NA,NA,280,286,146,160,158,158,210,220,NA,NA,NA,NA,PO,PO304HS,50.684712,-1.3563289,6,3
336,336,Dneasy,WE,NA,2017,148,148,197,197,204,207,142,144,259,259,155,158,143,147,135,141,274,274,146,160,158,158,218,220,NA,NA,NA,NA,SY,SY44JB,52.786722,-2.644035,3,2
385,385,Dneasy,SC,NA,2017,148,148,193,203,201,201,128,142,259,259,155,170,151,151,NA,NA,282,286,146,146,158,158,216,218,NA,NA,NA,NA,IV,IV57NN,57.479952,-4.4081193,20,3
397,397,Dneasy,WE,NA,2017,148,148,191,201,201,210,136,138,257,257,155,170,145,149,138,138,278,282,146,146,158,158,216,218,NA,NA,NA,NA,NP,NP264NR,51.595633,-2.7563226,2,2
398,398,Dneasy,SC,NA,2017,148,148,197,205,201,204,132,138,257,257,155,155,147,151,NA,NA,278,280,168,172,154,158,216,218,NA,NA,NA,NA,G,G643PL,55.91488,-4.2381393,16,3
434,434,Dneasy,SE,NA,2017,160,160,255,255,192,192,134,134,259,273,NA,NA,147,153,138,138,266,280,166,166,152,152,202,202,NA,NA,NA,NA,TA,TA78LW,51.15932,-2.9186343,4,3
445,445,Dneasy,SE,NA,2017,146,148,191,205,201,201,140,142,257,259,158,158,149,165,132,138,280,284,146,148,158,158,210,220,NA,NA,NA,NA,SO,SO402PB,50.929913,-1.564402,2,2
453,453,Dneasy,NE,NA,2017,147,148,197,201,201,207,140,142,257,259,155,158,147,181,138,138,280,284,146,146,158,158,214,220,NA,NA,NA,NA,YO,YO139EY,54.256005,-0.47642316,1,2
456,456,Dneasy,NE,NA,2017,148,148,201,201,201,201,134,136,257,257,155,158,147,165,NA,NA,278,286,146,146,158,158,210,214,NA,NA,NA,NA,WA,WA34BS,53.454808,-2.5196079,1,3
496,496,Dneasy,NE,NA,2017,148,148,197,201,201,201,132,136,257,259,164,164,147,147,138,138,278,282,146,178,152,158,218,220,NA,NA,NA,NA,PR,PR50SN,53.724645,-2.5754747,1,2
564,564,Dneasy,SC,NA,2017,148,148,199,211,201,204,130,134,259,259,188,188,141,141,NA,NA,278,280,164,164,158,158,218,218,NA,NA,NA,NA,IV,IV191HH,57.813169,-4.0658833,6,3
583,583,Dneasy,SC,NA,2017,147,148,193,201,207,207,130,136,259,259,155,155,147,153,138,138,266,280,146,172,158,158,214,218,NA,NA,NA,NA,EH,EH446PS,55.6297,-3.1063007,3,2
655,655,Dneasy,WE,NA,2017,148,148,205,211,204,207,134,136,257,259,155,158,141,161,NA,NA,280,280,146,160,158,158,218,222,NA,NA,NA,NA,SA,SA678RX,51.775061,-4.739771,59,3
830,830,Dneasy,SC,NA,2017,148,148,201,201,201,204,132,144,257,259,155,155,139,147,138,138,282,286,146,170,158,160,212,218,NA,NA,NA,NA,AB,AB453EN,57.666729,-2.4417478,18,2
879,879,Dneasy,NE,NA,2017,148,148,197,197,201,210,134,142,259,261,155,158,139,161,NA,NA,274,284,146,148,158,158,216,222,NA,NA,NA,NA,L,L311EQ,53.49673,-2.9102889,17,3
886,886,Dneasy,SC,NA,2017,148,148,197,201,201,204,144,146,257,259,155,158,149,153,138,138,280,286,146,146,158,160,214,218,NA,NA,NA,NA,G,G720FY,55.772967,-4.0960798,24,2
897,897,Dneasy,EE,NA,2017,146,147,195,195,204,204,132,142,257,259,155,161,139,159,138,138,280,280,160,180,154,158,220,224,NA,NA,NA,NA,NR,NR31EY,52.643002,1.2960553,5,2
917,917,Dneasy,EE,NA,2017,148,148,197,201,201,201,140,142,257,259,155,155,147,159,138,138,280,284,148,168,158,158,210,214,NA,NA,NA,NA,LN,LN106PB,53.149742,-0.22951416,1,2
933,933,Dneasy,SC,NA,2017,148,148,197,205,201,207,138,140,257,273,155,155,151,157,NA,NA,270,282,146,166,158,158,214,218,NA,NA,NA,NA,EH,EH147EJ,55.880182,-3.3380741,3,3
941,941,Dneasy,SC,NA,2017,146,148,197,201,204,207,132,132,259,259,NA,NA,137,145,138,138,NA,NA,146,146,158,158,218,218,NA,NA,NA,NA,PA,PA345TQ,56.422503,-5.4677565,2,4
966,966,Dneasy,SC,NA,2017,148,148,197,223,204,204,136,136,261,269,155,158,147,151,NA,NA,278,278,146,148,158,158,218,220,NA,NA,NA,NA,DG,DG20JQ,55.122763,-3.7268354,3,3
1028,1028,Dneasy,WE,NA,2017,146,148,201,207,201,207,142,142,257,257,155,155,137,147,138,138,280,280,148,170,158,158,218,224,NA,NA,NA,NA,LL,LL535UP,52.906809,-4.449833,2,2
1067,1067,Dneasy,EE,NA,2017,148,148,197,201,207,210,142,144,257,259,155,158,141,143,138,138,272,272,148,160,158,158,214,218,NA,NA,NA,NA,DE,DE61QB,53.087993,-1.7182006,1,2
1071,1071,Dneasy,NE,NA,2017,148,148,191,197,198,207,128,142,259,259,155,155,145,149,138,144,272,280,146,164,158,158,214,218,NA,NA,NA,NA,HG,HG43AB,54.103732,-1.5259799,3,2
1112,1112,Dneasy,SC,NA,2017,148,148,193,201,201,207,136,144,257,271,158,158,137,147,138,138,276,282,148,168,158,160,216,218,NA,NA,NA,NA,AB,AB424UE,57.521981,-1.9378783,8,2
1285A,1285,Chelex,NI,NA,2017,146,147,197,197,201,207,138,140,259,261,NA,NA,147,151,138,144,278,284,148,168,158,158,218,218,154,168,289,291,BT,BT97HZ,54.5682,-5.9738,12,1
1285B,1285,Chelex,NI,NA,2017,146,148,197,205,207,210,132,142,259,259,NA,NA,147,147,138,138,282,282,146,166,158,160,218,218,146,146,297,297,BT,BT97HZ,54.5682,-5.9738,12,1
1285C,1285,Chelex,NI,NA,2017,NA,NA,NA,NA,NA,NA,132,142,NA,NA,NA,NA,NA,NA,138,138,NA,NA,146,146,158,160,NA,NA,146,146,NA,NA,BT,BT97HZ,54.5682,-5.9738,12,9
1285D,1285,Chelex,NI,NA,2017,147,148,197,201,207,207,140,142,257,259,155,173,147,151,138,138,270,276,146,168,158,160,216,220,146,146,285,291,BT,BT97HZ,54.5682,-5.9738,12,0
1285E,1285,Chelex,NI,NA,2017,146,148,203,205,207,207,132,144,261,271,158,173,135,157,138,138,282,282,168,174,158,158,212,218,146,158,285,297,BT,BT97HZ,54.5682,-5.9738,12,0
1285F,1285,Chelex,NI,NA,2017,146,147,197,211,201,207,130,130,257,259,188,188,NA,NA,NA,NA,NA,NA,168,170,158,158,218,218,146,154,NA,NA,BT,BT97HZ,54.5682,-5.9738,12,4
1285G,1285,Chelex,NI,NA,2017,146,147,197,201,201,207,138,140,259,259,188,188,147,151,132,138,278,284,146,168,158,158,218,220,146,146,NA,NA,BT,BT97HZ,54.5682,-5.9738,12,1
1285H,1285,Chelex,NI,NA,2017,146,147,197,211,207,210,130,140,257,259,NA,NA,145,147,138,138,280,284,146,168,158,158,218,218,146,154,285,299,BT,BT97HZ,54.5682,-5.9738,12,1
1285I,1285,Chelex,NI,NA,2017,148,148,197,211,201,207,132,132,259,271,170,173,147,149,138,138,276,280,146,146,158,158,214,220,146,168,285,285,BT,BT97HZ,54.5682,-5.9738,12,0
1287,1287,Dneasy,WE,NA,2017,148,148,197,241,NA,NA,134,142,257,257,NA,NA,NA,NA,NA,NA,NA,NA,146,146,152,158,218,218,NA,NA,NA,NA,LD,LD82NH,52.268401,-3.0203782,4,7
1312,1312,Dneasy,WE,NA,2017,160,160,237,255,189,201,132,138,271,273,158,161,155,155,NA,NA,278,300,184,186,152,162,200,206,NA,NA,NA,NA,CV,CV230LN,52.410805,-1.361295,10,3
1326,1326,Dneasy,EE,NA,2017,148,148,191,197,207,207,132,132,257,259,NA,NA,147,165,NA,NA,278,280,146,168,158,158,218,220,NA,NA,NA,NA,PE,PE330HL,52.668,0.39798799,3,4
1343,1343,Dneasy,SC,NA,2017,148,148,199,205,201,204,134,134,259,271,155,155,151,151,NA,NA,278,284,146,160,158,158,216,220,NA,NA,NA,NA,AB,AB526UE,57.373594,-2.5545142,14,3
1353,1353,Dneasy,SC,NA,2017,148,148,197,203,201,207,128,130,257,259,155,155,141,145,138,138,274,284,146,146,158,158,218,218,NA,NA,NA,NA,AB,AB565BS,57.657908,-3.0100024,9,2
1357,1357,Dneasy,SE,NA,2017,147,148,197,205,207,207,130,136,255,255,NA,NA,147,161,138,138,280,280,146,164,158,158,214,218,NA,NA,NA,NA,TR,TR115SN,50.188284,-5.0750033,29,3
1362,1362,Dneasy,EE,NA,2017,146,148,197,211,201,207,138,144,257,257,155,155,141,151,138,144,272,274,146,146,158,158,218,218,NA,NA,NA,NA,LN,LN24PT,53.239537,-0.51903985,10,2
1391,1391,Dneasy,SE,NA,2017,148,148,201,205,204,210,140,148,243,243,152,164,139,149,NA,NA,282,288,162,170,158,158,214,218,NA,NA,NA,NA,EX,EX239QG,50.874419,-4.4832182,3,3
1409,1409,Dneasy,SE,NA,2017,148,148,197,201,201,207,138,140,257,271,155,155,141,149,132,132,282,282,168,170,158,158,218,222,NA,NA,NA,NA,SO,SO531EH,50.990533,-1.3730545,1,2
1424,1424,Dneasy,NE,NA,2017,147,147,213,217,204,204,130,142,259,259,158,158,145,159,NA,NA,278,286,146,148,158,158,214,218,NA,NA,NA,NA,LA,LA128DQ,54.302982,-3.0885533,18,3
1424A,1424,Chelex,NE,NA,2017,NA,NA,NA,NA,NA,NA,NA,NA,NA,NA,NA,NA,NA,NA,NA,NA,NA,NA,NA,NA,NA,NA,NA,NA,NA,NA,NA,NA,LA,LA128DQ,54.302982,-3.0885533,18,14
1424B,1424,Chelex,NE,NA,2017,NA,NA,NA,NA,NA,NA,142,142,NA,NA,NA,NA,147,147,138,138,NA,NA,NA,NA,158,158,NA,NA,146,154,NA,NA,LA,LA128DQ,54.302982,-3.0885533,18,9
1424C,1424,Chelex,NE,NA,2017,148,148,197,197,NA,NA,132,140,259,259,NA,NA,149,153,132,138,NA,NA,166,168,158,158,NA,NA,144,162,NA,NA,LA,LA128DQ,54.302982,-3.0885533,18,5
1424D,1424,Chelex,NE,NA,2017,NA,NA,NA,NA,NA,NA,NA,NA,NA,NA,NA,NA,NA,NA,NA,NA,NA,NA,NA,NA,NA,NA,NA,NA,NA,NA,NA,NA,LA,LA128DQ,54.302982,-3.0885533,18,14
1424E,1424,Chelex,NE,NA,2017,148,148,191,197,204,204,136,142,259,259,NA,NA,145,159,138,138,NA,NA,146,146,158,158,218,218,146,146,NA,NA,LA,LA128DQ,54.302982,-3.0885533,18,3
1424F,1424,Chelex,NE,NA,2017,147,147,191,191,204,219,NA,NA,NA,NA,NA,NA,141,141,138,138,NA,NA,146,146,158,158,210,218,146,146,NA,NA,LA,LA128DQ,54.302982,-3.0885533,18,5
1424G,1424,Chelex,NE,NA,2017,147,148,191,211,NA,NA,130,138,259,259,NA,NA,145,149,138,138,NA,NA,146,148,158,158,NA,NA,146,146,NA,NA,LA,LA128DQ,54.302982,-3.0885533,18,5
1424H,1424,Chelex,NE,NA,2017,147,148,NA,NA,NA,NA,NA,NA,NA,NA,NA,NA,141,147,138,138,NA,NA,146,146,158,158,NA,NA,146,162,NA,NA,LA,LA128DQ,54.302982,-3.0885533,18,8
1424I,1424,Chelex,NE,NA,2017,NA,NA,NA,NA,NA,NA,NA,NA,NA,NA,NA,NA,NA,NA,NA,NA,NA,NA,NA,NA,NA,NA,NA,NA,NA,NA,NA,NA,LA,LA128DQ,54.302982,-3.0885533,18,14
1432,1432,Dneasy,NI,NA,2017,147,148,197,201,201,207,132,142,259,259,155,164,147,151,138,138,278,282,146,146,158,158,218,220,NA,NA,NA,NA,BT,BT513GR,55.1328,-6.6876,4,2
1442,1442,Dneasy,SE,NA,2017,148,148,197,205,201,210,136,142,259,261,155,158,145,161,132,138,282,288,148,168,158,160,214,218,NA,NA,NA,NA,KT,KT109NX,51.36685,-0.36037067,1,2
1450,1450,Dneasy,WE,NA,2017,146,148,191,203,207,207,130,140,257,259,155,158,NA,NA,NA,NA,NA,NA,146,158,158,158,212,220,NA,NA,NA,NA,LL,LL120DX,53.108264,-2.9409766,2,5
1476,1476,Dneasy,SE,NA,2017,146,148,197,203,201,204,132,142,259,261,158,158,141,141,138,138,278,278,148,160,158,158,218,222,NA,NA,NA,NA,SO,SO322PT,50.940537,-1.1802031,7,2
1519,1519,Dneasy,SE,NA,2017,148,148,197,201,201,201,138,140,257,259,155,155,137,151,138,138,278,286,146,160,158,158,218,222,NA,NA,NA,NA,SN,SN155BQ,51.561233,-2.0470798,1,2
1568,1568,Dneasy,SC,NA,2017,148,148,215,225,207,207,144,146,257,257,155,170,151,151,138,138,284,286,146,146,158,158,214,220,NA,NA,NA,NA,DD,DD85DL,56.667853,-3.0082422,1,2
1579,1579,Dneasy,SE,NA,2017,148,148,197,197,207,210,NA,NA,NA,NA,NA,NA,141,147,138,138,280,280,148,148,158,158,214,218,NA,NA,NA,NA,EX,EX165QB,50.914235,-3.5033636,4,5
1614,1614,Dneasy,SE,NA,2017,148,148,197,197,207,210,136,140,257,257,NA,NA,137,149,132,138,270,274,146,146,158,158,214,224,NA,NA,NA,NA,HA,HA54PS,51.608541,-0.37885756,1,3
1617,1617,Dneasy,NE,NA,2017,160,160,241,241,201,210,134,138,273,273,NA,NA,149,161,NA,NA,282,286,186,194,152,166,200,202,NA,NA,NA,NA,WF,WF41SJ,53.661063,-1.4337306,5,4
1621,1621,Dneasy,SE,NA,2017,148,148,197,201,201,210,136,140,259,261,155,155,147,147,138,144,276,282,146,174,158,158,214,218,NA,NA,NA,NA,MK,MK454HS,52.008144,-0.40831315,15,2
1825,1825,Dneasy,SE,NA,2017,148,148,191,197,201,210,136,142,259,259,155,155,141,147,NA,NA,282,282,148,162,144,158,214,220,NA,NA,NA,NA,DT,DT66DZ,50.745057,-2.850391,6,3
1829,1829,Dneasy,NE,NA,2017,148,148,191,197,201,207,132,142,259,259,155,155,153,159,NA,NA,276,282,146,154,158,158,212,216,NA,NA,NA,NA,TS,TS213LS,54.595038,-1.3601547,4,3
1836,1836,Dneasy,EE,NA,2017,160,172,255,255,183,192,138,138,273,273,158,161,155,165,129,129,286,300,174,184,152,166,202,206,NA,NA,NA,NA,NR,NR293RL,52.675675,1.6847793,1,2
1868,1868,Dneasy,SC,NA,2017,158,160,197,197,NA,NA,136,136,255,265,143,149,NA,NA,NA,NA,274,282,NA,NA,NA,NA,194,202,NA,NA,NA,NA,AB,AB338LD,57.185776,-2.8177405,3,7
1900,1900,Dneasy,SE,NA,2017,148,148,197,205,204,207,142,142,259,259,155,164,147,161,138,138,282,286,148,170,158,158,216,216,NA,NA,NA,NA,TN,TN162HR,51.298661,0.06066789,1,2
1914,1914,Dneasy,NA,NA,2017,148,148,197,213,204,207,128,142,257,259,155,158,149,157,138,138,278,286,146,168,158,158,216,224,NA,NA,NA,NA,V,VA66LQ,NA,NA,5,3.5
1918,1918,Dneasy,EE,NA,2017,148,148,205,207,NA,NA,NA,NA,NA,NA,NA,NA,NA,NA,NA,NA,NA,NA,160,160,158,158,218,218,NA,NA,NA,NA,CM,CM150SB,51.641343,0.30250686,2,9
1923,1923,Dneasy,SE,NA,2017,148,148,193,211,201,204,130,140,259,259,158,170,141,177,138,138,278,280,146,170,158,158,216,218,NA,NA,NA,NA,SO,SO532NP,50.979916,-1.3787244,1,2
1924,1924,Dneasy,NI,NA,2017,146,146,197,213,207,207,132,132,259,259,NA,NA,149,159,132,138,270,282,146,168,158,158,218,218,NA,NA,NA,NA,BT,BT196NL,54.6548,-5.6358,4,3
1938,1938,Dneasy,SE,NA,2017,148,148,197,201,201,204,142,152,259,259,200,200,151,165,138,138,278,280,146,160,158,158,220,220,NA,NA,NA,NA,TN,TN210NN,50.94838,0.22307152,2,2
1945,1945,Dneasy,WE,NA,2017,148,148,201,211,204,210,132,136,257,259,155,155,137,153,138,138,286,286,146,154,158,158,212,220,NA,NA,NA,NA,NP,NP47AZ,51.725464,-3.0643819,8,2
2016,2016,Dneasy,NE,NA,2017,148,148,201,201,201,210,140,144,257,259,NA,NA,159,161,NA,NA,282,282,146,148,158,158,218,220,NA,NA,NA,NA,PR,PR85HY,53.622607,-2.9631319,3,4
2066,2066,Dneasy,WE,NA,2017,148,148,199,201,207,210,130,140,257,257,NA,NA,141,145,NA,NA,280,282,146,180,158,158,218,218,NA,NA,NA,NA,SA,SA470PT,52.198819,-4.3005701,11,4
3027,3027,Dneasy,SE,NA,2017,147,148,193,201,207,210,138,140,257,269,155,155,145,149,NA,NA,278,282,146,146,158,158,220,222,NA,NA,NA,NA,MK,MK197DY,52.085029,-0.78078338,1,3
3051,3051,Dneasy,SC,NA,2017,148,148,197,197,207,207,140,140,259,259,155,155,153,153,138,138,286,286,168,168,158,158,218,218,NA,NA,NA,NA,EH,EH87PR,55.951791,-3.1405494,34,2
3056,3056,Dneasy,SE,NA,2017,148,148,197,199,204,207,140,140,259,259,155,158,145,147,138,138,278,284,168,168,156,156,212,212,NA,NA,NA,NA,GU,GU289EP,51.040307,-0.65556652,2,2
3079,3079,Dneasy,WE,NA,2017,148,148,201,203,210,210,140,142,261,273,155,170,141,149,132,138,278,278,146,146,158,158,214,220,NA,NA,NA,NA,SA,SA328SA,51.887035,-4.1056453,1,2
3093,3093,Dneasy,SC,NA,2017,148,148,197,201,201,201,138,144,257,257,NA,NA,151,153,NA,NA,278,286,146,146,158,158,218,222,NA,NA,NA,NA,DG,DG86LW,54.95388,-4.4859716,8,4
3129A,3129,Chelex,NI,NA,2017,148,148,NA,NA,NA,NA,130,140,NA,NA,NA,NA,139,151,132,138,NA,NA,148,174,158,158,NA,NA,146,146,NA,NA,BT,BT670RH,54.4562,-6.2386,80,7
3129B,3129,Chelex,NI,NA,2017,148,148,197,201,NA,NA,148,160,NA,NA,NA,NA,159,132,138,138,NA,NA,146,146,160,160,NA,NA,146,158,NA,NA,BT,BT670RH,54.4562,-6.2386,80,6
3129C,3129,Chelex,NI,NA,2017,148,148,197,197,NA,NA,138,142,NA,NA,NA,NA,145,145,138,138,NA,NA,146,146,158,158,NA,NA,160,168,NA,NA,BT,BT670RH,54.4562,-6.2386,80,6
3129D,3129,Chelex,NI,NA,2017,148,148,NA,NA,NA,NA,NA,NA,NA,NA,NA,NA,NA,NA,NA,NA,NA,NA,146,146,158,158,NA,NA,146,146,NA,NA,BT,BT670RH,54.4562,-6.2386,80,10
3129E,3129,Chelex,NI,NA,2017,NA,NA,NA,NA,NA,NA,NA,NA,NA,NA,NA,NA,NA,NA,NA,NA,NA,NA,146,146,158,158,NA,NA,146,146,NA,NA,BT,BT670RH,54.4562,-6.2386,80,11
3129F,3129,Chelex,NI,NA,2017,148,148,197,201,NA,NA,130,140,NA,NA,NA,NA,151,151,132,138,NA,NA,148,174,158,158,NA,NA,146,168,NA,NA,BT,BT670RH,54.4562,-6.2386,80,6
3129G,3129,Chelex,NI,NA,2017,148,148,197,201,NA,NA,130,140,NA,NA,NA,NA,151,151,132,138,NA,NA,148,174,158,158,NA,NA,146,146,NA,NA,BT,BT670RH,54.4562,-6.2386,80,6
3129H,3129,Chelex,NI,NA,2017,148,148,197,201,NA,NA,130,140,259,259,143,143,151,159,132,138,NA,NA,146,174,158,158,NA,NA,146,164,NA,NA,BT,BT670RH,54.4562,-6.2386,80,4
3129I,3129,Chelex,NI,NA,2017,NA,NA,NA,NA,NA,NA,NA,NA,NA,NA,NA,NA,NA,NA,NA,NA,NA,NA,146,146,158,160,NA,NA,146,146,NA,NA,BT,BT670RH,54.4562,-6.2386,80,11
3129J,3129,Chelex,NI,NA,2017,146,147,201,201,201,207,140,140,NA,NA,NA,NA,137,151,132,138,270,270,148,168,158,158,NA,NA,156,164,285,285,BT,BT670RH,54.4562,-6.2386,80,3
3129K,3129,Chelex,NI,NA,2017,148,148,197,197,201,204,130,140,259,259,NA,NA,151,151,132,138,NA,NA,144,146,158,158,NA,NA,146,168,285,285,BT,BT670RH,54.4562,-6.2386,80,3
3129L,3129,Chelex,NI,NA,2017,147,148,197,201,NA,NA,132,140,NA,NA,NA,NA,159,159,132,138,NA,NA,144,144,158,158,NA,NA,146,168,NA,NA,BT,BT670RH,54.4562,-6.2386,80,6
3129M,3129,Chelex,NI,NA,2017,147,148,197,197,NA,NA,132,140,NA,NA,NA,NA,NA,NA,NA,NA,NA,NA,144,146,158,158,NA,NA,146,164,NA,NA,BT,BT670RH,54.4562,-6.2386,80,8
3129N,3129,Chelex,NI,NA,2017,146,147,201,201,207,207,140,140,NA,NA,NA,NA,NA,NA,141,141,NA,NA,146,146,158,158,NA,NA,NA,NA,NA,NA,BT,BT670RH,54.4562,-6.2386,80,7
3129O,3129,Chelex,NI,NA,2017,148,148,197,197,201,204,NA,NA,259,259,NA,NA,151,151,138,138,270,282,146,174,158,158,NA,NA,146,168,273,273,BT,BT670RH,54.4562,-6.2386,80,3
3129P,3129,Chelex,NI,NA,2017,146,147,201,201,201,207,140,140,259,259,NA,NA,137,151,138,138,270,282,148,168,158,158,218,220,156,164,285,285,BT,BT670RH,54.4562,-6.2386,80,1
3129Q,3129,Chelex,NI,NA,2017,147,148,201,201,201,207,140,140,259,259,NA,NA,135,159,138,138,NA,NA,148,168,158,158,212,218,156,164,285,285,BT,BT670RH,54.4562,-6.2386,80,2
3129R,3129,Chelex,NI,NA,2017,NA,NA,NA,NA,NA,NA,NA,NA,NA,NA,NA,NA,NA,NA,138,138,NA,NA,NA,NA,NA,NA,NA,NA,NA,NA,NA,NA,BT,BT670RH,54.4562,-6.2386,80,13
3129S,3129,Chelex,NI,NA,2017,142,142,NA,NA,NA,NA,NA,NA,NA,NA,NA,NA,145,145,NA,NA,NA,NA,146,146,158,158,NA,NA,NA,NA,NA,NA,BT,BT670RH,54.4562,-6.2386,80,10
3139,3139,Dneasy,WE,NA,2017,148,148,197,197,NA,NA,NA,NA,NA,NA,NA,NA,161,161,NA,NA,NA,NA,146,146,152,158,NA,NA,NA,NA,NA,NA,DY,DY148HU,52.407559,-2.4413382,5,9
3141,3141,Dneasy,SC,NA,2017,148,148,197,205,201,207,140,142,257,259,155,164,153,161,132,138,286,286,146,160,158,158,218,222,NA,NA,NA,NA,KA,KA14HS,55.592398,-4.4994307,10,2
3144,3144,Dneasy,SE,NA,2017,148,148,201,201,207,210,132,142,257,259,155,158,141,147,132,138,280,286,146,146,158,158,218,218,NA,NA,NA,NA,PL,PL159QU,50.642998,-4.3249321,2,2
3167,3167,Dneasy,NE,NA,2017,148,148,199,201,204,210,140,140,261,271,155,164,149,165,138,138,278,286,170,170,158,158,212,218,NA,NA,NA,NA,YO,YO414AD,53.918854,-0.93511296,1,2
3174,3174,Dneasy,WE,NA,2017,148,148,197,197,204,207,132,134,259,259,NA,NA,151,153,138,138,278,282,146,148,158,158,216,218,NA,NA,NA,NA,LL,LL299LJ,53.29204,-3.6789711,3,3
3177,3177,Dneasy,NI,NA,2017,148,148,197,205,201,204,130,132,257,257,155,155,147,149,138,138,276,284,146,158,158,158,218,220,NA,NA,NA,NA,BT,BT624DZ,54.4223,-6.4671,7,2
3271,3271,Dneasy,SC,NA,2017,148,148,201,213,201,201,130,140,257,259,158,158,137,145,NA,NA,272,290,146,146,158,158,220,222,NA,NA,NA,NA,PH,PH434RR,57.015407,-6.2814873,5,3
3621,3621,Dneasy,NA,NA,2017,146,148,197,211,201,207,134,138,259,271,155,158,141,141,138,138,278,284,146,146,158,158,214,216,NA,NA,NA,NA,NA,NA,NA,NA,NA,5
0079C,79,Chelex,NA,17,2018,148,148,197,205,201,207,138,140,257,271,NA,NA,147,147,138,138,276,286,146,178,158,160,214,220,144,162,285,291,BH,BH256AP,50.75536,-1.6501744,43,1.5
0079D,79,Chelex,NA,17,2018,148,148,197,197,201,207,132,138,257,259,NA,NA,141,149,138,138,278,286,146,170,158,158,210,218,162,170,289,289,BH,BH256AP,50.75536,-1.6501744,43,1.5
0079E,79,Chelex,NA,17,2018,146,148,197,197,204,207,140,140,NA,NA,158,164,149,159,138,138,270,270,166,172,158,158,192,194,NA,NA,NA,NA,BH,BH256AP,50.75536,-1.6501744,43,3.5
0079F,79,Chelex,NA,17,2018,NA,NA,193,193,219,219,NA,NA,NA,NA,NA,NA,NA,NA,NA,NA,NA,NA,NA,NA,NA,NA,198,200,146,156,287,287,BH,BH256AP,50.75536,-1.6501744,43,9.5
0079G,79,Chelex,NA,17,2018,146,148,197,199,201,207,132,154,257,257,155,170,137,147,138,138,280,286,146,168,158,158,210,218,148,162,277,277,BH,BH256AP,50.75536,-1.6501744,43,0.5
0082A,82,Chelex,NA,17,2018,148,148,201,203,204,207,140,142,259,261,149,155,141,147,138,138,286,286,162,178,158,158,218,218,142,154,285,285,BH,BH233JH,50.732732,-1.7554243,10,0.5
0082B,82,Chelex,NA,17,2018,148,148,197,213,204,204,134,142,257,259,158,164,139,149,138,138,266,280,146,148,158,160,218,218,142,146,273,273,BH,BH233JH,50.732732,-1.7554243,10,0.5
0082C,82,Chelex,NA,17,2018,146,148,201,227,201,207,128,128,259,259,155,158,149,149,138,138,NA,NA,146,146,158,158,212,212,142,148,NA,NA,BH,BH233JH,50.732732,-1.7554243,10,2.5
0082D,82,Chelex,NA,17,2018,148,148,197,227,204,204,138,142,257,259,NA,NA,149,161,138,144,278,282,168,172,154,160,NA,NA,NA,NA,NA,NA,BH,BH233JH,50.732732,-1.7554243,10,4.5
0082E,82,Chelex,NA,17,2018,146,148,201,201,201,207,134,140,NA,NA,NA,NA,NA,NA,NA,NA,NA,NA,160,166,158,158,NA,NA,NA,NA,NA,NA,BH,BH233JH,50.732732,-1.7554243,10,8.5
0121A,121,Chelex,NA,22,2018,NA,NA,NA,NA,NA,NA,NA,NA,259,259,NA,NA,145,145,135,135,NA,NA,146,146,NA,NA,NA,NA,NA,NA,NA,NA,TN,TN342PR,50.868735,0.57048879,3,10.5
0121B,121,Chelex,NA,22,2018,148,148,203,203,NA,NA,NA,NA,259,259,NA,NA,147,151,132,138,NA,NA,160,168,158,158,222,224,NA,NA,NA,NA,TN,TN342PR,50.868735,0.57048879,3,6.5
0121C,121,Chelex,NA,22,2018,147,148,205,221,201,201,132,136,257,259,155,158,151,151,138,138,274,280,146,146,158,158,216,220,146,164,289,291,TN,TN342PR,50.868735,0.57048879,3,0.5
0147A,147,Chelex,NA,29,2018,NA,NA,197,227,201,201,138,138,261,263,NA,NA,147,159,138,138,NA,NA,168,172,158,158,NA,NA,NA,NA,NA,NA,BH,BH154DF,50.713546,-2.0048059,4,6.5
0147B,147,Chelex,NA,29,2018,148,148,205,211,201,207,132,140,257,259,155,155,151,161,138,138,274,278,146,146,158,158,210,222,146,146,NA,NA,BH,BH154DF,50.713546,-2.0048059,4,1.5
0147C,147,Chelex,NA,29,2018,NA,NA,NA,NA,NA,NA,138,138,259,261,NA,NA,NA,NA,NA,NA,NA,NA,NA,NA,160,160,222,224,NA,NA,NA,NA,BH,BH154DF,50.713546,-2.0048059,4,10.5
0147D,147,Chelex,NA,29,2018,148,148,197,205,204,207,138,142,NA,NA,NA,NA,153,165,138,144,290,290,146,146,158,158,NA,NA,NA,NA,NA,NA,BH,BH154DF,50.713546,-2.0048059,4,5.5
0167A,167,Chelex,NA,17,2018,148,148,197,213,207,210,132,132,271,271,155,164,149,151,138,138,282,286,146,172,158,160,214,218,146,168,289,289,BH,BH238NA,50.78019,-1.7402131,4,0.5
0167B,167,Chelex,NA,17,2018,146,148,197,211,204,210,136,144,259,261,158,164,137,147,138,138,270,280,168,170,158,158,218,222,146,146,293,293,BH,BH238NA,50.78019,-1.7402131,4,0.5
0167C,167,Chelex,NA,17,2018,146,148,201,215,201,204,140,142,259,269,155,164,141,159,132,138,278,286,146,166,158,158,218,224,142,170,285,289,BH,BH238NA,50.78019,-1.7402131,4,0.5
0188C,188,Chelex,NA,36,2018,148,148,201,211,201,207,138,140,257,259,NA,NA,143,147,138,138,272,282,146,166,158,158,218,222,NA,NA,NA,NA,SO,SO314HL,50.864569,-1.3157889,21,3.5
0188D,188,Chelex,NA,36,2018,148,148,191,197,201,201,140,140,257,257,NA,NA,139,159,138,138,280,280,146,160,158,158,210,218,NA,NA,NA,NA,SO,SO314HL,50.864569,-1.3157889,21,3.5
0309A,309,Chelex,NA,62,2018,148,148,197,213,204,204,132,136,257,257,NA,NA,141,149,138,138,280,282,146,168,158,158,210,218,146,156,285,285,SE,SE191UR,51.428914,-0.080139129,6,1.5
0309B,309,Chelex,NA,62,2018,146,148,195,195,NA,NA,NA,NA,255,259,NA,NA,135,147,NA,NA,NA,NA,146,146,154,154,NA,NA,NA,NA,NA,NA,SE,SE191UR,51.428914,-0.080139129,6,8.5
0309C,309,Chelex,NA,62,2018,148,148,197,205,201,210,136,140,259,259,164,170,147,153,132,138,278,284,146,174,158,158,210,220,146,156,289,289,SE,SE191UR,51.428914,-0.080139129,6,0.5
0309D,309,Chelex,NA,62,2018,148,148,NA,NA,219,219,142,142,NA,NA,NA,NA,141,141,138,138,278,278,148,168,158,158,NA,NA,156,156,NA,NA,SE,SE191UR,51.428914,-0.080139129,6,5.5
0309E,309,Chelex,NA,62,2018,148,148,197,197,201,201,132,136,261,263,NA,NA,141,149,138,138,280,282,146,168,160,160,NA,NA,156,156,NA,NA,SE,SE191UR,51.428914,-0.080139129,6,3.5
0309F,309,Chelex,NA,62,2018,148,148,NA,NA,NA,NA,NA,NA,NA,NA,NA,NA,161,161,138,138,NA,NA,NA,NA,158,158,NA,NA,NA,NA,NA,NA,SE,SE191UR,51.428914,-0.080139129,6,10.5
0374A,374,Chelex,NA,22,2018,NA,NA,NA,NA,NA,NA,NA,NA,NA,NA,NA,NA,NA,NA,NA,NA,NA,NA,NA,NA,NA,NA,NA,NA,NA,NA,NA,NA,TN,TN380AR,50.852691,0.53549128,21,14.5
0374B,374,Chelex,NA,22,2018,NA,NA,NA,NA,NA,NA,NA,NA,NA,NA,NA,NA,NA,NA,NA,NA,NA,NA,NA,NA,NA,NA,NA,NA,NA,NA,NA,NA,TN,TN380AR,50.852691,0.53549128,21,14.5
0374C,374,Chelex,NA,22,2018,NA,NA,NA,NA,NA,NA,NA,NA,NA,NA,NA,NA,NA,NA,NA,NA,NA,NA,NA,NA,NA,NA,NA,NA,NA,NA,NA,NA,TN,TN380AR,50.852691,0.53549128,21,14.5
0374D,374,Chelex,NA,22,2018,NA,NA,NA,NA,NA,NA,NA,NA,NA,NA,NA,NA,NA,NA,NA,NA,NA,NA,NA,NA,NA,NA,NA,NA,NA,NA,NA,NA,TN,TN380AR,50.852691,0.53549128,21,14.5
0374E,374,Chelex,NA,22,2018,NA,NA,NA,NA,NA,NA,NA,NA,NA,NA,NA,NA,NA,NA,NA,NA,NA,NA,NA,NA,NA,NA,NA,NA,NA,NA,NA,NA,TN,TN380AR,50.852691,0.53549128,21,14.5
0374F,374,Chelex,NA,22,2018,NA,NA,NA,NA,NA,NA,NA,NA,NA,NA,NA,NA,NA,NA,NA,NA,NA,NA,NA,NA,NA,NA,NA,NA,NA,NA,NA,NA,TN,TN380AR,50.852691,0.53549128,21,14.5
0374G,374,Chelex,NA,22,2018,NA,NA,NA,NA,NA,NA,NA,NA,NA,NA,NA,NA,NA,NA,135,135,NA,NA,NA,NA,NA,NA,NA,NA,NA,NA,NA,NA,TN,TN380AR,50.852691,0.53549128,21,13.5
0374H,374,Chelex,NA,22,2018,148,152,NA,NA,NA,NA,NA,NA,NA,NA,NA,NA,NA,NA,NA,NA,NA,NA,NA,NA,NA,NA,NA,NA,NA,NA,NA,NA,TN,TN380AR,50.852691,0.53549128,21,13.5
0519A,519,Chelex,NA,NA,2018,148,148,201,201,207,207,130,132,257,259,NA,NA,139,165,138,138,NA,NA,160,168,158,158,NA,NA,146,148,NA,NA,LA,LA128DQ,54.302982,-3.0885533,12,4.5
0519B,519,Chelex,NA,NA,2018,146,148,201,217,207,207,130,142,259,259,NA,NA,145,157,138,138,NA,NA,148,168,158,158,NA,NA,146,164,289,293,LA,LA128DQ,54.302982,-3.0885533,12,3.5
0519C,519,Chelex,NA,NA,2018,144,144,NA,NA,NA,NA,NA,NA,NA,NA,NA,NA,NA,NA,138,138,NA,NA,146,160,NA,NA,NA,NA,146,146,NA,NA,LA,LA128DQ,54.302982,-3.0885533,12,10.5
0519D,519,Chelex,NA,NA,2018,148,148,NA,NA,NA,NA,NA,NA,NA,NA,NA,NA,NA,NA,NA,NA,NA,NA,146,146,NA,NA,NA,NA,NA,NA,NA,NA,LA,LA128DQ,54.302982,-3.0885533,12,12.5
0519E,519,Chelex,NA,NA,2018,NA,NA,NA,NA,NA,NA,NA,NA,NA,NA,NA,NA,NA,NA,NA,NA,NA,NA,154,154,NA,NA,NA,NA,146,146,NA,NA,LA,LA128DQ,54.302982,-3.0885533,12,12.5
0519F,519,Chelex,NA,NA,2018,148,148,NA,NA,NA,NA,130,134,NA,NA,NA,NA,NA,NA,138,138,NA,NA,146,168,160,160,NA,NA,146,146,NA,NA,LA,LA128DQ,54.302982,-3.0885533,12,8.5
0519G,519,Chelex,NA,NA,2018,NA,NA,NA,NA,NA,NA,NA,NA,NA,NA,NA,NA,NA,NA,NA,NA,NA,NA,NA,NA,NA,NA,NA,NA,NA,NA,NA,NA,LA,LA128DQ,54.302982,-3.0885533,12,14.5
0519H,519,Chelex,NA,NA,2018,148,148,197,203,201,207,136,136,259,259,155,155,147,151,138,138,274,282,146,146,158,158,220,222,146,172,285,291,LA,LA128DQ,54.302982,-3.0885533,12,0.5
0519I,519,Chelex,NA,NA,2018,148,148,201,203,NA,NA,NA,NA,257,257,155,155,147,151,138,138,NA,NA,146,172,158,158,NA,NA,NA,NA,NA,NA,LA,LA128DQ,54.302982,-3.0885533,12,6.5
0535C,535,Chelex,NA,58,2018,146,148,197,197,201,207,136,140,257,259,155,158,147,149,138,138,NA,NA,146,172,158,158,210,216,NA,NA,NA,NA,GL,GL66EZ,51.752614,-2.2587665,64,3.5
0535D,535,Chelex,NA,58,2018,146,148,197,197,201,207,132,138,259,273,NA,NA,147,165,138,138,276,278,146,168,158,158,218,222,NA,NA,NA,NA,GL,GL66EZ,51.752614,-2.2587665,64,3.5
0625A,625,Chelex,NA,122,2018,148,148,201,205,201,204,138,138,257,257,NA,NA,137,141,138,144,282,286,146,168,158,158,218,222,148,172,NA,NA,RH,RH103TE,51.128871,-0.15019065,8,2.5
0625B,625,Chelex,NA,122,2018,147,148,197,197,201,201,140,144,257,261,NA,NA,137,145,138,138,270,280,146,146,158,158,218,222,146,166,285,291,RH,RH103TE,51.128871,-0.15019065,8,1.5
0625C,625,Chelex,NA,122,2018,148,148,197,197,207,210,132,146,257,259,155,158,139,145,132,138,282,284,146,160,160,160,210,212,146,146,285,289,RH,RH103TE,51.128871,-0.15019065,8,0.5
0625D,625,Chelex,NA,122,2018,147,148,197,197,201,207,132,152,257,257,155,170,147,161,138,138,278,282,160,160,158,158,210,210,146,164,285,289,RH,RH103TE,51.128871,-0.15019065,8,0.5
0625E,625,Chelex,NA,122,2018,NA,NA,NA,NA,NA,NA,NA,NA,NA,NA,NA,NA,NA,NA,NA,NA,NA,NA,NA,NA,NA,NA,NA,NA,NA,NA,NA,NA,RH,RH103TE,51.128871,-0.15019065,8,14.5
0645A,645,Chelex,NA,NA,2018,NA,NA,NA,NA,NA,NA,NA,NA,NA,NA,NA,NA,145,145,NA,NA,NA,NA,146,146,158,158,NA,NA,NA,NA,NA,NA,BT,BT670RH,54.4562,-6.2386,43,11.5
0645B,645,Chelex,NA,NA,2018,146,148,197,197,NA,NA,140,140,NA,NA,NA,NA,147,153,138,138,NA,NA,146,160,158,158,NA,NA,172,172,NA,NA,BT,BT670RH,54.4562,-6.2386,43,6.5
0645C,645,Chelex,NA,NA,2018,146,146,197,197,NA,NA,128,128,NA,NA,NA,NA,145,145,132,138,NA,NA,146,146,158,158,NA,NA,142,146,NA,NA,BT,BT670RH,54.4562,-6.2386,43,6.5
0645D,645,Chelex,NA,NA,2018,147,147,197,201,NA,NA,128,136,269,269,NA,NA,161,161,138,138,NA,NA,148,148,158,160,NA,NA,142,156,NA,NA,BT,BT670RH,54.4562,-6.2386,43,5.5
0645E,645,Chelex,NA,NA,2018,147,148,197,205,207,207,140,140,259,259,NA,NA,147,153,138,138,NA,NA,146,160,158,158,NA,NA,146,146,NA,NA,BT,BT670RH,54.4562,-6.2386,43,4.5
0645F,645,Chelex,NA,NA,2018,147,148,205,205,NA,NA,140,140,259,259,NA,NA,137,137,138,138,NA,NA,146,146,158,158,NA,NA,146,146,NA,NA,BT,BT670RH,54.4562,-6.2386,43,5.5
0645G,645,Chelex,NA,NA,2018,147,148,NA,NA,NA,NA,NA,NA,NA,NA,NA,NA,147,147,NA,NA,NA,NA,146,148,154,158,NA,NA,146,166,NA,NA,BT,BT670RH,54.4562,-6.2386,43,9.5
0645H,645,Chelex,NA,NA,2018,147,147,NA,NA,NA,NA,140,140,NA,NA,NA,NA,147,153,138,138,NA,NA,146,160,158,158,NA,NA,172,172,NA,NA,BT,BT670RH,54.4562,-6.2386,43,7.5
0645I,645,Chelex,NA,NA,2018,146,148,197,197,207,207,140,140,257,259,NA,NA,147,159,138,138,NA,NA,146,148,158,158,NA,NA,164,172,NA,NA,BT,BT670RH,54.4562,-6.2386,43,4.5
0645J,645,Chelex,NA,NA,2018,147,148,197,201,201,207,128,128,257,261,NA,NA,149,161,138,138,284,284,146,148,158,160,220,220,168,168,285,285,BT,BT670RH,54.4562,-6.2386,43,1.5
0645K,645,Chelex,NA,NA,2018,148,148,197,197,NA,NA,NA,NA,NA,NA,NA,NA,147,161,132,132,NA,NA,NA,NA,158,160,NA,NA,NA,NA,279,279,BT,BT670RH,54.4562,-6.2386,43,8.5
0645L,645,Chelex,NA,NA,2018,NA,NA,NA,NA,NA,NA,NA,NA,NA,NA,NA,NA,NA,NA,NA,NA,294,294,146,146,158,158,NA,NA,146,146,NA,NA,BT,BT670RH,54.4562,-6.2386,43,10.5
0645M,645,Chelex,NA,NA,2018,147,147,197,201,201,210,128,144,259,259,NA,NA,147,161,132,138,270,278,146,160,158,158,220,220,146,164,285,285,BT,BT670RH,54.4562,-6.2386,43,1.5
0645N,645,Chelex,NA,NA,2018,146,148,197,205,207,207,140,140,259,259,NA,NA,147,153,138,138,270,286,160,166,158,158,214,220,146,172,285,303,BT,BT670RH,54.4562,-6.2386,43,1.5
0645O,645,Chelex,NA,NA,2018,146,148,197,201,201,207,132,142,259,259,NA,NA,147,161,132,138,286,286,146,166,158,160,NA,NA,166,168,279,291,BT,BT670RH,54.4562,-6.2386,43,2.5
0645P,645,Chelex,NA,NA,2018,147,148,NA,NA,NA,NA,128,128,NA,NA,NA,NA,151,151,138,138,NA,NA,146,146,158,158,NA,NA,NA,NA,NA,NA,BT,BT670RH,54.4562,-6.2386,43,8.5
0645Q,645,Chelex,NA,NA,2018,NA,NA,NA,NA,NA,NA,NA,NA,NA,NA,NA,NA,NA,NA,138,138,NA,NA,146,146,NA,NA,NA,NA,NA,NA,NA,NA,BT,BT670RH,54.4562,-6.2386,43,12.5
0645R,645,Chelex,NA,NA,2018,NA,NA,NA,NA,NA,NA,NA,NA,NA,NA,NA,NA,NA,NA,NA,NA,NA,NA,NA,NA,NA,NA,NA,NA,NA,NA,NA,NA,BT,BT670RH,54.4562,-6.2386,43,14.5
0679A,679,Chelex,NA,22,2018,148,148,NA,NA,201,207,NA,NA,NA,NA,NA,NA,NA,NA,NA,NA,NA,NA,NA,NA,NA,NA,NA,NA,NA,NA,NA,NA,TN,TN342PL,50.871803,0.56922196,1,12.5
1029C,1029,Chelex,NA,193,2018,148,148,197,217,201,201,132,142,259,259,NA,NA,141,161,138,138,NA,NA,158,172,158,158,NA,NA,NA,NA,291,291,BH,BH229RL,50.812476,-1.8899618,57,4.5
1029D,1029,Chelex,NA,193,2018,146,148,201,211,204,210,136,138,259,259,NA,NA,147,161,138,144,NA,NA,146,146,158,158,NA,NA,NA,NA,NA,NA,BH,BH229RL,50.812476,-1.8899618,57,5.5
1029E,1029,Chelex,NA,193,2018,146,148,201,207,201,210,NA,NA,NA,NA,NA,NA,NA,NA,NA,NA,NA,NA,NA,NA,NA,NA,NA,NA,NA,NA,NA,NA,BH,BH229RL,50.812476,-1.8899618,57,11.5
1029F,1029,Chelex,NA,193,2018,NA,NA,NA,NA,NA,NA,NA,NA,NA,NA,NA,NA,NA,NA,138,138,NA,NA,146,146,158,158,NA,NA,NA,NA,NA,NA,BH,BH229RL,50.812476,-1.8899618,57,11.5
1029G,1029,Chelex,NA,193,2018,146,146,205,205,NA,NA,132,142,NA,NA,NA,NA,135,137,138,138,NA,NA,148,148,158,158,NA,NA,NA,NA,NA,NA,BH,BH229RL,50.812476,-1.8899618,57,7.5
1121A,1121,Chelex,NA,205,2018,NA,NA,NA,NA,NA,NA,NA,NA,NA,NA,NA,NA,NA,NA,NA,NA,NA,NA,NA,NA,NA,NA,NA,NA,NA,NA,NA,NA,SO,SO535AN,50.998365,-1.3780364,1,14.5
1187A,1187,Chelex,NA,29,2018,148,148,193,211,201,204,138,142,257,257,155,155,151,165,138,144,278,278,146,172,158,158,218,222,146,148,291,291,BH,BH165SE,50.740023,-2.039898,5,0.5
1187B,1187,Chelex,NA,29,2018,146,148,197,215,198,201,134,136,257,257,155,164,137,141,132,138,278,288,146,146,158,158,220,220,142,146,285,289,BH,BH165SE,50.740023,-2.039898,5,0.5
1187C,1187,Chelex,NA,29,2018,148,148,197,211,201,210,138,142,257,257,155,164,141,165,132,144,278,278,146,172,158,158,218,222,148,156,291,291,BH,BH165SE,50.740023,-2.039898,5,0.5
1187D,1187,Chelex,NA,29,2018,148,148,197,199,207,210,140,140,259,259,NA,NA,141,147,132,138,280,282,146,160,154,158,216,220,NA,NA,NA,NA,BH,BH165SE,50.740023,-2.039898,5,3.5
1187E,1187,Chelex,NA,29,2018,146,146,203,215,204,204,132,132,257,257,NA,NA,147,157,138,138,266,286,146,160,158,158,220,222,142,142,287,289,BH,BH165SE,50.740023,-2.039898,5,1.5
1314A,1314,Chelex,NA,193,2018,146,146,201,201,204,207,NA,NA,NA,NA,188,188,147,147,138,138,282,286,146,146,158,158,218,220,148,148,287,291,BH,BH220JQ,50.822863,-1.8906756,6,2.5
1314B,1314,Chelex,NA,193,2018,146,148,197,205,204,204,138,142,259,259,170,170,145,145,NA,NA,NA,NA,146,170,158,158,220,222,148,172,285,289,BH,BH220JQ,50.822863,-1.8906756,6,2.5
1314C,1314,Chelex,NA,193,2018,148,148,201,217,207,207,130,144,257,259,NA,NA,141,159,138,144,280,280,146,168,158,158,210,218,146,146,289,289,BH,BH220JQ,50.822863,-1.8906756,6,1.5
1314D,1314,Chelex,NA,193,2018,146,148,197,211,201,207,132,136,257,271,NA,NA,147,151,138,144,278,278,146,166,158,158,218,218,142,166,285,289,BH,BH220JQ,50.822863,-1.8906756,6,1.5
1314E,1314,Chelex,NA,193,2018,148,148,197,201,204,210,140,142,257,259,NA,NA,147,147,138,138,NA,NA,146,146,158,158,218,218,144,148,285,287,BH,BH220JQ,50.822863,-1.8906756,6,2.5
1319A,1319,Chelex,NA,62,2018,146,148,197,197,207,210,138,142,257,259,155,155,137,149,138,138,266,266,146,168,158,158,214,214,146,148,285,289,SE,SE240EB,51.456525,-0.10133507,2,0.5
1319B,1319,Chelex,NA,62,2018,148,148,197,197,207,210,138,142,257,259,NA,NA,145,147,138,138,278,286,148,166,158,158,218,218,NA,NA,289,289,SE,SE240EB,51.456525,-0.10133507,2,2.5
1326A,1326,Chelex,NA,NA,2018,146,148,197,211,201,207,140,140,259,259,NA,NA,149,151,132,138,270,284,146,146,158,158,220,220,146,164,285,289,BT,BT97HZ,54.5682,-5.9738,50,1.5
1326B,1326,Chelex,NA,NA,2018,148,148,197,201,201,207,132,136,259,261,155,158,147,149,132,132,270,276,146,172,158,160,214,220,146,168,285,295,BT,BT97HZ,54.5682,-5.9738,50,0.5
1326C,1326,Chelex,NA,NA,2018,146,148,201,201,201,207,136,142,257,271,NA,NA,147,147,138,138,280,286,146,168,158,158,216,218,146,164,285,285,BT,BT97HZ,54.5682,-5.9738,50,1.5
1326D,1326,Chelex,NA,NA,2018,147,147,197,205,207,207,130,140,259,259,NA,NA,147,147,132,138,270,280,146,146,158,158,220,222,146,168,293,297,BT,BT97HZ,54.5682,-5.9738,50,1.5
1326E,1326,Chelex,NA,NA,2018,147,148,201,201,207,207,132,132,259,271,NA,NA,147,163,138,138,270,278,146,172,158,158,214,218,144,146,297,297,BT,BT97HZ,54.5682,-5.9738,50,1.5
1326F,1326,Chelex,NA,NA,2018,148,148,197,201,NA,NA,NA,NA,NA,NA,NA,NA,147,147,138,138,NA,NA,146,146,158,158,NA,NA,142,142,NA,NA,BT,BT97HZ,54.5682,-5.9738,50,7.5
1326G,1326,Chelex,NA,NA,2018,147,148,197,201,NA,NA,NA,NA,NA,NA,NA,NA,NA,NA,138,138,NA,NA,146,146,158,158,NA,NA,NA,NA,NA,NA,BT,BT97HZ,54.5682,-5.9738,50,9.5
1326H,1326,Chelex,NA,NA,2018,148,148,197,201,NA,NA,NA,NA,NA,NA,NA,NA,NA,NA,138,138,NA,NA,146,148,158,162,NA,NA,NA,NA,NA,NA,BT,BT97HZ,54.5682,-5.9738,50,9.5
1326I,1326,Chelex,NA,NA,2018,148,148,197,197,204,207,130,138,NA,NA,185,185,147,149,138,138,270,282,146,178,158,158,214,220,146,156,NA,NA,BT,BT97HZ,54.5682,-5.9738,50,2.5
1337A,1337,Chelex,NA,57,2018,147,148,197,197,201,204,136,136,257,259,155,158,149,161,138,138,282,284,NA,NA,NA,NA,NA,NA,146,164,289,295,EH,EH104RH,55.926193,-3.2008212,3,3.5
1337B,1337,Chelex,NA,57,2018,148,148,193,201,201,207,132,138,257,259,170,170,147,147,138,138,278,278,146,158,158,158,216,218,142,146,285,291,EH,EH104RH,55.926193,-3.2008212,3,0.5
1337C,1337,Chelex,NA,57,2018,148,148,201,205,201,204,140,140,261,273,NA,NA,141,147,138,138,278,278,146,176,158,158,218,220,146,172,285,285,EH,EH104RH,55.926193,-3.2008212,3,1.5
1600A,1600,Chelex,NA,29,2018,148,148,197,211,204,207,138,142,257,257,155,155,137,159,138,138,280,286,146,146,158,158,218,220,146,158,285,289,BH,BH165LT,50.734162,-2.0313343,4,0.5
1600B,1600,Chelex,NA,29,2018,148,148,197,205,201,207,132,138,257,257,155,161,137,157,138,138,278,280,146,166,158,160,214,216,148,168,285,285,BH,BH165LT,50.734162,-2.0313343,4,0.5
1600C,1600,Chelex,NA,29,2018,146,148,197,197,207,207,NA,NA,257,259,NA,NA,147,153,138,138,278,278,148,172,158,158,218,220,154,164,285,291,BH,BH165LT,50.734162,-2.0313343,4,2.5
1600D,1600,Chelex,NA,29,2018,148,148,197,197,NA,NA,NA,NA,NA,NA,NA,NA,147,147,NA,NA,NA,NA,NA,NA,NA,NA,NA,NA,NA,NA,NA,NA,BH,BH165LT,50.734162,-2.0313343,4,11.5
1630A,1630,Chelex,NA,193,2018,148,148,199,213,201,201,136,142,259,259,NA,NA,147,147,132,138,276,276,146,146,158,158,NA,NA,142,146,295,301,BH,BH212DP,50.798848,-1.94827,3,2.5
1630B,1630,Chelex,NA,193,2018,146,146,197,227,201,201,134,138,257,257,NA,NA,147,147,138,138,278,278,NA,NA,158,158,NA,NA,146,146,285,285,BH,BH212DP,50.798848,-1.94827,3,3.5
1630C,1630,Chelex,NA,193,2018,NA,NA,NA,NA,NA,NA,134,142,259,261,NA,NA,141,151,138,138,NA,NA,146,146,158,158,NA,NA,NA,NA,285,285,BH,BH212DP,50.798848,-1.94827,3,7.5
1711A,1711,Chelex,NA,286,2018,146,148,205,213,204,210,140,146,257,257,NA,NA,137,149,138,138,280,280,146,146,158,158,NA,NA,142,148,273,273,GU,GU104RF,51.193245,-0.80741188,32,2.5
1711B,1711,Chelex,NA,286,2018,146,146,197,217,204,204,140,140,259,271,NA,NA,137,149,138,138,266,286,146,154,158,158,218,220,146,166,273,285,GU,GU104RF,51.193245,-0.80741188,32,1.5
1711C,1711,Chelex,NA,286,2018,148,148,197,201,NA,NA,128,128,NA,NA,NA,NA,145,145,138,138,NA,NA,146,146,158,158,NA,NA,NA,NA,NA,NA,GU,GU104RF,51.193245,-0.80741188,32,7.5
1711D,1711,Chelex,NA,286,2018,148,148,191,197,204,207,130,132,257,259,NA,NA,NA,NA,138,138,280,282,NA,NA,158,158,NA,NA,146,150,303,303,GU,GU104RF,51.193245,-0.80741188,32,4.5
1711E,1711,Chelex,NA,286,2018,148,148,197,197,213,213,NA,NA,259,259,NA,NA,141,141,138,138,290,290,NA,NA,158,158,NA,NA,NA,NA,285,285,GU,GU104RF,51.193245,-0.80741188,32,5.5
1715A,1715,Chelex,NA,205,2018,146,148,197,201,201,207,130,136,257,259,155,158,147,149,138,138,276,280,146,168,158,158,214,216,146,148,277,291,SO,SO230HH,51.062093,-1.3044774,6,0.5
1715B,1715,Chelex,NA,205,2018,146,148,191,197,201,207,130,136,259,259,155,158,141,149,138,138,278,280,146,146,158,158,214,216,146,148,277,291,SO,SO230HH,51.062093,-1.3044774,6,0.5
1715C,1715,Chelex,NA,205,2018,142,148,201,201,204,204,140,142,259,273,164,170,147,161,138,138,278,278,146,164,158,158,216,218,146,164,285,285,SO,SO230HH,51.062093,-1.3044774,6,0.5
1715D,1715,Chelex,NA,205,2018,147,148,197,205,207,207,138,142,257,257,155,164,137,141,138,144,286,286,148,166,158,158,214,218,146,168,289,289,SO,SO230HH,51.062093,-1.3044774,6,0.5
1715E,1715,Chelex,NA,205,2018,148,148,201,211,207,207,130,130,259,259,155,158,147,161,138,138,278,286,146,148,158,158,214,222,146,172,285,285,SO,SO230HH,51.062093,-1.3044774,6,0.5
1718C,1718,Chelex,NA,288,2018,146,148,197,207,201,207,142,146,257,259,NA,NA,157,161,132,138,272,278,146,146,158,158,222,222,NA,NA,NA,NA,BN,BN69AD,50.932541,-0.16267316,17,3.5
1718D,1718,Chelex,NA,288,2018,148,148,199,213,201,204,130,132,257,257,NA,NA,141,141,138,138,282,282,146,168,158,158,220,222,NA,NA,NA,NA,BN,BN69AD,50.932541,-0.16267316,17,3.5
1726A,1726,Chelex,NA,205,2018,148,148,191,199,201,207,136,136,257,259,155,158,147,149,132,138,278,280,146,154,158,158,218,222,146,148,285,285,SO,SO230JW,51.060736,-1.3001883,2,0.5
1726B,1726,Chelex,NA,205,2018,148,148,201,211,207,207,134,140,NA,NA,NA,NA,147,157,138,138,280,282,146,146,158,158,NA,NA,NA,NA,285,285,SO,SO230JW,51.060736,-1.3001883,2,4.5
1783A,1783,Chelex,NA,205,2018,148,148,193,193,NA,NA,NA,NA,NA,NA,NA,NA,149,153,132,138,NA,NA,146,154,158,158,NA,NA,146,146,NA,NA,SO,SO531FB,50.994432,-1.3707506,6,7.5
1783B,1783,Chelex,NA,205,2018,146,148,205,217,201,207,134,136,257,259,155,155,137,141,138,138,278,290,146,146,158,158,218,220,142,146,285,291,SO,SO531FB,50.994432,-1.3707506,6,0.5
1783C,1783,Chelex,NA,205,2018,148,148,193,201,201,201,136,140,257,259,155,158,153,159,138,138,278,280,146,168,158,158,210,218,146,148,285,295,SO,SO531FB,50.994432,-1.3707506,6,0.5
1783D,1783,Chelex,NA,205,2018,148,148,193,197,201,207,132,136,257,257,155,155,149,151,132,138,276,278,146,172,158,158,218,222,148,170,291,295,SO,SO531FB,50.994432,-1.3707506,6,0.5
1783E,1783,Chelex,NA,205,2018,147,148,197,201,198,207,140,140,257,257,155,155,139,147,138,138,272,286,146,174,158,158,214,216,146,162,285,291,SO,SO531FB,50.994432,-1.3707506,6,0.5
2008C,2008,Chelex,NA,62,2018,148,148,205,217,204,207,138,140,257,259,155,155,151,161,138,138,280,282,166,172,158,158,210,218,164,170,285,295,SE,SE279HQ,51.436439,-0.098182655,16,0.5
2008D,2008,Chelex,NA,62,2018,137,147,205,205,201,207,132,138,259,261,155,170,137,147,138,138,278,282,146,166,158,160,216,218,146,146,289,289,SE,SE279HQ,51.436439,-0.098182655,16,0.5
2008E,2008,Chelex,NA,62,2018,148,148,197,213,201,201,136,138,257,259,158,158,141,145,138,138,NA,NA,146,160,158,158,218,218,146,170,285,285,SE,SE279HQ,51.436439,-0.098182655,16,1.5
2008F,2008,Chelex,NA,62,2018,148,148,201,201,NA,NA,NA,NA,257,257,NA,NA,147,147,132,138,280,280,146,146,158,158,NA,NA,NA,NA,NA,NA,SE,SE279HQ,51.436439,-0.098182655,16,6.5
2008G,2008,Chelex,NA,62,2018,148,148,199,211,207,207,142,142,257,259,155,164,141,153,132,138,282,284,146,168,158,158,218,218,146,146,NA,NA,SE,SE279HQ,51.436439,-0.098182655,16,1.5
2008H,2008,Chelex,NA,62,2018,146,148,197,201,201,204,140,144,257,257,155,155,147,147,138,138,278,282,146,158,158,158,220,220,146,154,285,285,SE,SE279HQ,51.436439,-0.098182655,16,0.5
2008I,2008,Chelex,NA,62,2018,NA,NA,NA,NA,NA,NA,NA,NA,NA,NA,NA,NA,NA,NA,NA,NA,NA,NA,NA,NA,NA,NA,NA,NA,148,148,NA,NA,SE,SE279HQ,51.436439,-0.098182655,16,13.5
2008J,2008,Chelex,NA,62,2018,NA,NA,NA,NA,NA,NA,NA,NA,NA,NA,NA,NA,137,147,138,138,NA,NA,NA,NA,NA,NA,NA,NA,148,148,NA,NA,SE,SE279HQ,51.436439,-0.098182655,16,11.5
2008K,2008,Chelex,NA,62,2018,NA,NA,NA,NA,NA,NA,NA,NA,NA,NA,NA,NA,NA,NA,NA,NA,NA,NA,NA,NA,NA,NA,NA,NA,148,148,NA,NA,SE,SE279HQ,51.436439,-0.098182655,16,13.5
2009A,2009,Chelex,NA,57,2018,148,148,197,221,201,204,132,136,257,259,155,155,137,151,138,138,280,280,142,146,158,158,218,218,142,146,285,295,EH,EH45DG,55.962947,-3.2625131,1,0.5
2033A,2033,Chelex,NA,328,2018,148,148,201,213,201,204,132,140,259,259,155,155,NA,NA,NA,NA,NA,NA,162,166,158,158,214,216,146,146,285,291,KT,KT123SQ,51.376673,-0.39637247,1,3.5
2069C,2069,Chelex,NA,33,2018,148,148,191,229,207,210,132,136,257,257,155,158,141,161,138,138,266,280,146,146,158,158,214,218,NA,NA,NA,NA,BA,BA115JL,51.233582,-2.2885836,34,2.5
2069D,2069,Chelex,NA,33,2018,148,148,197,201,201,210,130,136,259,259,NA,NA,141,141,138,138,NA,NA,168,172,158,158,210,214,NA,NA,NA,NA,BA,BA115JL,51.233582,-2.2885836,34,4.5
2122C,2122,Chelex,NA,90,2018,146,148,201,201,204,204,132,140,257,259,NA,NA,139,147,138,138,278,284,146,146,158,160,216,216,146,164,NA,NA,GU,GU248DZ,51.3395,-0.61194612,31,2.5
2122D,2122,Chelex,NA,90,2018,146,148,201,207,204,204,130,132,257,257,NA,NA,141,147,138,138,278,278,146,146,158,160,216,218,NA,NA,NA,NA,GU,GU248DZ,51.3395,-0.61194612,31,3.5
2159A,2159,Chelex,NA,328,2018,148,148,197,227,201,210,132,138,257,257,155,158,147,147,138,138,280,280,160,168,158,160,216,218,146,156,285,287,KT,KT113HU,51.321565,-0.38965549,8,0.5
2159B,2159,Chelex,NA,328,2018,146,148,197,221,201,207,144,152,257,257,158,158,145,147,138,138,276,288,146,160,158,160,218,220,146,156,285,287,KT,KT113HU,51.321565,-0.38965549,8,0.5
2159C,2159,Chelex,NA,328,2018,148,148,197,211,201,207,140,144,257,257,161,170,143,151,138,138,282,286,146,146,158,158,218,220,146,166,279,279,KT,KT113HU,51.321565,-0.38965549,8,0.5
2159D,2159,Chelex,NA,328,2018,146,148,221,227,201,207,132,152,257,257,NA,NA,145,147,138,138,276,288,146,160,158,160,218,220,146,156,287,287,KT,KT113HU,51.321565,-0.38965549,8,1.5
2159E,2159,Chelex,NA,328,2018,146,146,197,221,201,201,140,140,257,259,NA,NA,145,151,138,138,266,278,166,172,158,158,218,222,142,146,289,291,KT,KT113HU,51.321565,-0.38965549,8,1.5
2193A,2193,Chelex,NA,57,2018,148,148,NA,NA,192,192,NA,NA,NA,NA,NA,NA,147,149,138,138,NA,NA,146,168,158,158,NA,NA,144,144,NA,NA,EH,EH106DS,55.924316,-3.2034998,4,7.5
2193B,2193,Chelex,NA,57,2018,148,148,205,205,201,204,134,142,257,271,155,173,147,153,132,138,274,282,146,166,158,158,218,218,162,162,285,285,EH,EH106DS,55.924316,-3.2034998,4,0.5
2193C,2193,Chelex,NA,57,2018,148,148,197,211,201,204,130,132,259,273,NA,NA,147,149,138,138,280,286,146,146,158,158,218,218,144,158,283,285,EH,EH106DS,55.924316,-3.2034998,4,1.5
2193D,2193,Chelex,NA,57,2018,148,148,193,199,201,201,134,136,257,261,NA,NA,149,159,132,138,278,280,146,172,158,158,218,218,146,156,285,285,EH,EH106DS,55.924316,-3.2034998,4,1.5
2341A,2341,Chelex,NA,62,2018,148,148,207,207,NA,NA,NA,NA,NA,NA,NA,NA,NA,NA,138,138,NA,NA,146,146,158,158,NA,NA,NA,NA,NA,NA,SE,SE217EB,51.447428,-0.076139001,3,9.5
2341B,2341,Chelex,NA,62,2018,147,148,197,203,204,204,140,140,257,259,NA,NA,137,141,138,138,282,282,168,168,158,158,218,218,146,146,NA,NA,SE,SE217EB,51.447428,-0.076139001,3,2.5
2341C,2341,Chelex,NA,62,2018,148,148,201,205,201,207,136,138,273,273,NA,NA,141,151,138,138,272,280,146,148,158,160,216,220,146,166,291,295,SE,SE217EB,51.447428,-0.076139001,3,1.5
2351A,2351,Chelex,NA,62,2018,148,148,197,203,201,207,140,140,257,261,NA,NA,155,159,138,138,278,278,146,160,158,160,218,218,154,172,285,289,SE,SE240NU,51.456335,-0.10849685,1,1.5
2366A,2366,Chelex,NA,122,2018,148,148,NA,NA,NA,NA,NA,NA,NA,NA,NA,NA,153,153,138,138,NA,NA,146,146,158,158,NA,NA,142,144,285,287,RH,RH191JN,51.126696,-0.027557294,4,7.5
2366B,2366,Chelex,NA,122,2018,148,148,NA,NA,NA,NA,NA,NA,257,257,NA,NA,149,149,132,138,NA,NA,146,154,156,158,NA,NA,146,146,NA,NA,RH,RH191JN,51.126696,-0.027557294,4,7.5
2366C,2366,Chelex,NA,122,2018,148,148,201,201,207,207,136,136,257,271,155,158,153,165,138,144,278,282,146,178,158,158,214,214,144,164,277,285,RH,RH191JN,51.126696,-0.027557294,4,0.5
2366D,2366,Chelex,NA,122,2018,146,147,197,203,201,207,140,140,257,265,155,155,139,153,138,138,284,288,146,178,158,158,214,214,146,166,285,285,RH,RH191JN,51.126696,-0.027557294,4,0.5
2409A,2409,Chelex,NA,122,2018,148,148,201,203,204,204,132,142,257,259,NA,NA,159,159,138,138,278,280,146,160,158,158,NA,NA,142,142,NA,NA,RH,RH107RN,51.113395,-0.15026579,1,3.5
2423C,2423,Chelex,NA,205,2018,147,148,197,211,201,207,134,138,257,259,NA,NA,147,151,138,138,280,282,146,146,158,158,214,218,146,146,287,289,SO,SO212DS,51.010473,-1.3442917,31,1.5
2423D,2423,Chelex,NA,205,2018,148,148,197,197,207,210,136,142,257,257,NA,NA,143,159,138,144,280,286,146,146,158,158,218,220,NA,NA,289,289,SO,SO212DS,51.010473,-1.3442917,31,2.5
2423E,2423,Chelex,NA,205,2018,148,161,197,197,207,207,NA,NA,NA,NA,NA,NA,159,159,132,138,278,286,154,154,158,160,214,214,NA,NA,NA,NA,SO,SO212DS,51.010473,-1.3442917,31,5.5
2448A,2448,Chelex,NA,NA,2018,NA,NA,NA,NA,NA,NA,NA,NA,NA,NA,NA,NA,NA,NA,NA,NA,NA,NA,NA,NA,NA,NA,NA,NA,NA,NA,NA,NA,BT,BT703JH,54.6103,-6.8351,15,14.5
2448B,2448,Chelex,NA,NA,2018,147,148,197,197,207,207,150,160,NA,NA,NA,NA,149,159,138,138,278,286,168,168,152,154,214,216,156,164,289,291,BT,BT703JH,54.6103,-6.8351,15,2.5
2448C,2448,Chelex,NA,NA,2018,148,148,197,197,201,207,160,166,NA,NA,NA,NA,159,165,138,138,NA,NA,160,174,158,160,220,220,156,168,289,297,BT,BT703JH,54.6103,-6.8351,15,3.5
2448D,2448,Chelex,NA,NA,2018,NA,NA,195,195,NA,NA,NA,NA,NA,NA,NA,NA,147,147,138,138,NA,NA,145,169,NA,NA,NA,NA,NA,NA,NA,NA,BT,BT703JH,54.6103,-6.8351,15,10.5
2448E,2448,Chelex,NA,NA,2018,147,148,197,197,201,207,150,166,NA,NA,NA,NA,149,165,138,138,278,282,160,174,158,160,220,220,168,168,285,297,BT,BT703JH,54.6103,-6.8351,15,2.5
2448F,2448,Chelex,NA,NA,2018,147,148,197,201,207,207,148,154,NA,NA,NA,NA,147,153,138,138,NA,NA,166,168,158,160,NA,NA,146,146,285,285,BT,BT703JH,54.6103,-6.8351,15,4.5
2448G,2448,Chelex,NA,NA,2018,148,148,197,197,NA,NA,150,150,NA,NA,NA,NA,149,165,138,138,NA,NA,160,174,158,160,NA,NA,146,156,NA,NA,BT,BT703JH,54.6103,-6.8351,15,6.5
2448H,2448,Chelex,NA,NA,2018,148,148,197,197,201,207,160,166,NA,NA,NA,NA,159,165,138,138,278,286,146,174,158,160,218,220,156,168,285,297,BT,BT703JH,54.6103,-6.8351,15,2.5
2448I,2448,Chelex,NA,NA,2018,148,148,197,197,201,207,150,166,NA,NA,NA,NA,149,165,138,138,278,286,160,174,158,160,218,220,168,168,289,297,BT,BT703JH,54.6103,-6.8351,15,2.5
2811A,2811,Chelex,NA,57,2018,NA,NA,NA,NA,NA,NA,NA,NA,NA,NA,NA,NA,NA,NA,NA,NA,NA,NA,NA,NA,NA,NA,NA,NA,146,146,NA,NA,EH,EH166SE,55.910336,-3.1603368,6,13.5
2811B,2811,Chelex,NA,57,2018,148,148,201,201,201,207,136,140,259,261,NA,NA,149,159,NA,NA,NA,NA,146,158,158,158,NA,NA,142,146,285,289,EH,EH166SE,55.910336,-3.1603368,6,4.5
2811C,2811,Chelex,NA,57,2018,148,148,197,201,204,207,136,136,257,257,NA,NA,145,149,138,138,278,280,146,146,158,158,216,216,142,158,285,285,EH,EH166SE,55.910336,-3.1603368,6,1.5
2811D,2811,Chelex,NA,57,2018,148,148,201,201,NA,NA,130,140,257,261,NA,NA,147,151,132,138,NA,NA,158,172,158,158,NA,NA,164,170,NA,NA,EH,EH166SE,55.910336,-3.1603368,6,5.5
2811E,2811,Chelex,NA,57,2018,148,148,197,201,204,207,138,142,257,259,NA,NA,147,157,138,138,282,282,146,148,158,158,218,220,146,166,285,303,EH,EH166SE,55.910336,-3.1603368,6,1.5
2856A,2856,Chelex,NA,22,2018,148,148,199,205,201,204,NA,NA,NA,NA,155,158,151,151,132,138,278,278,146,160,158,158,NA,NA,154,154,273,277,TN,TN343JR,50.860883,0.59083364,23,3.5
2856B,2856,Chelex,NA,22,2018,148,148,197,201,201,204,NA,NA,257,259,161,170,145,153,138,138,278,278,146,174,158,160,214,214,144,170,291,295,TN,TN343JR,50.860883,0.59083364,23,1.5
2856C,2856,Chelex,NA,22,2018,148,148,199,203,201,204,NA,NA,257,259,155,158,141,147,138,138,266,280,146,168,158,158,218,220,146,170,273,181,TN,TN343JR,50.860883,0.59083364,23,1.5
2856D,2856,Chelex,NA,22,2018,148,148,NA,NA,NA,NA,NA,NA,257,257,NA,NA,NA,NA,135,135,NA,NA,146,146,158,158,NA,NA,NA,NA,NA,NA,TN,TN343JR,50.860883,0.59083364,23,9.5
2856E,2856,Chelex,NA,22,2018,148,148,197,201,201,210,NA,NA,257,259,NA,NA,137,159,138,138,280,282,146,170,158,158,218,218,NA,NA,NA,NA,TN,TN343JR,50.860883,0.59083364,23,4.5
3026A,3026,Chelex,NA,17,2018,142,148,191,211,207,207,128,132,259,273,155,155,137,151,138,144,278,280,146,166,154,158,218,220,146,154,285,295,BH,BH256NJ,50.749009,-1.6585563,2,0.5
3026B,3026,Chelex,NA,17,2018,147,148,197,227,204,207,138,142,259,273,NA,NA,137,141,138,138,280,286,146,174,158,158,218,220,NA,NA,NA,NA,BH,BH256NJ,50.749009,-1.6585563,2,3.5
3253A,3253,Chelex,NA,205,2018,147,148,197,213,201,201,132,132,257,259,NA,NA,141,143,132,138,282,286,146,160,158,160,210,214,146,156,291,291,SO,SO225QT,51.059503,-1.357926,1,1.5
3280A,3280,Chelex,NA,328,2018,147,148,197,213,204,204,132,138,259,259,NA,NA,141,141,138,138,280,282,146,146,158,158,218,222,146,166,285,303,KT,KT121NZ,51.375608,-0.41322062,2,1.5
3280B,3280,Chelex,NA,328,2018,148,148,205,219,204,207,140,144,257,257,155,170,137,159,132,138,282,282,146,160,158,158,212,220,146,146,289,293,KT,KT121NZ,51.375608,-0.41322062,2,0.5
3366B,3366,Chelex,NA,286,2018,142,142,NA,NA,NA,NA,NA,NA,NA,NA,NA,NA,145,145,NA,NA,NA,NA,146,146,158,158,NA,NA,146,170,285,291,GU,GU97BE,51.213924,-0.80979853,2,8.5
3601C,3601,Chelex,NA,251,2018,148,148,201,201,201,204,128,142,259,259,NA,NA,157,159,132,138,278,278,146,160,158,158,218,222,NA,NA,NA,NA,B,B769QE,52.537559,-1.7547302,13,3.5
3601D,3601,Chelex,NA,251,2018,148,148,NA,NA,NA,NA,130,140,257,259,NA,NA,141,159,138,138,284,284,146,146,158,158,224,224,NA,NA,NA,NA,B,B769QE,52.537559,-1.7547302,13,5.5
3760A,3760,Chelex,NA,122,2018,NA,NA,NA,NA,NA,NA,NA,NA,NA,NA,NA,NA,NA,NA,NA,NA,NA,NA,146,146,150,150,NA,NA,NA,NA,271,271,RH,RH191NS,51.13066,-0.032247924,4,11.5
3760B,3760,Chelex,NA,122,2018,148,148,NA,NA,NA,NA,NA,NA,NA,NA,NA,NA,145,165,132,138,NA,NA,146,146,NA,NA,NA,NA,NA,NA,269,269,RH,RH191NS,51.13066,-0.032247924,4,9.5
3760C,3760,Chelex,NA,122,2018,161,161,193,241,NA,NA,138,138,273,273,NA,NA,153,155,NA,NA,NA,NA,178,180,152,152,200,204,158,174,283,283,RH,RH191NS,51.13066,-0.032247924,4,4.5
4249A,4249,Chelex,NA,193,2018,147,148,201,203,204,207,132,136,259,259,158,164,157,157,132,138,282,282,146,174,158,158,214,220,148,164,287,295,BH,BH212LE,50.800268,-1.9478002,1,0.5
4316A,4316,Chelex,NA,17,2018,148,148,203,211,201,207,140,140,261,261,155,161,139,165,138,138,276,280,146,172,158,160,210,220,NA,NA,285,285,BH,BH256SN,50.753656,-1.6607907,8,1.5
4316B,4316,Chelex,NA,17,2018,148,148,201,205,201,201,144,146,259,259,155,158,137,165,138,138,276,280,146,146,158,158,214,218,146,182,289,289,BH,BH256SN,50.753656,-1.6607907,8,0.5
4316C,4316,Chelex,NA,17,2018,148,148,201,207,201,204,NA,NA,NA,NA,164,170,147,165,138,144,276,280,146,148,158,158,214,222,146,146,293,293,BH,BH256SN,50.753656,-1.6607907,8,2.5
4316D,4316,Chelex,NA,17,2018,148,148,197,211,201,204,136,140,261,261,NA,NA,149,161,132,138,266,290,146,146,158,158,218,218,NA,NA,NA,NA,BH,BH256SN,50.753656,-1.6607907,8,3.5
4316E,4316,Chelex,NA,17,2018,148,172,201,203,201,207,136,144,261,261,NA,NA,157,159,138,138,280,280,146,146,158,158,214,222,NA,NA,NA,NA,BH,BH256SN,50.753656,-1.6607907,8,3.5
4542C,4542,Chelex,NA,138,2018,147,148,197,205,201,207,130,142,257,257,NA,NA,147,147,132,138,276,276,146,164,158,158,210,210,NA,NA,NA,NA,NN,NN74BB,52.229142,-0.98261391,24,3.5
5457A,5457,Chelex,NA,57,2018,148,148,197,205,201,201,136,142,259,259,NA,NA,147,159,138,138,272,286,168,172,158,158,218,218,156,164,285,287,EH,EH64ET,55.974395,-3.1847039,2,1.5
5597A,5597,Chelex,NA,22,2018,148,148,199,199,207,210,NA,NA,261,261,NA,NA,141,161,132,138,288,288,146,170,158,158,NA,NA,NA,NA,279,291,TN,TN330RZ,50.904554,0.55478069,5,4.5
5597B,5597,Chelex,NA,22,2018,148,148,197,201,201,201,130,132,259,259,NA,NA,141,153,132,138,282,282,146,168,158,158,210,218,156,172,281,291,TN,TN330RZ,50.904554,0.55478069,5,1.5
5597C,5597,Chelex,NA,22,2018,148,148,197,197,204,210,130,130,259,271,NA,NA,145,161,132,138,280,282,158,166,158,160,214,218,146,146,285,285,TN,TN330RZ,50.904554,0.55478069,5,1.5
5597D,5597,Chelex,NA,22,2018,148,148,201,205,201,207,130,142,259,259,NA,NA,147,149,138,138,NA,NA,146,148,158,158,NA,NA,146,146,NA,NA,TN,TN330RZ,50.904554,0.55478069,5,4.5
5597E,5597,Chelex,NA,22,2018,NA,NA,NA,NA,NA,NA,NA,NA,NA,NA,NA,NA,NA,NA,NA,NA,NA,NA,146,146,158,158,NA,NA,144,144,NA,NA,TN,TN330RZ,50.904554,0.55478069,5,11.5
5637A,5637,Chelex,NA,205,2018,147,148,203,203,201,207,142,142,257,257,NA,NA,147,159,138,138,280,280,146,148,158,160,218,222,146,148,285,293,SO,SO504QZ,50.987501,-1.356184,25,1.5
5637C,5637,Chelex,NA,205,2018,146,148,201,221,207,210,132,140,257,257,NA,NA,143,149,132,138,NA,NA,154,172,158,158,222,222,146,146,285,291,SO,SO504QZ,50.987501,-1.356184,25,2.5
5637D,5637,Chelex,NA,205,2018,146,147,191,201,207,210,132,142,NA,NA,NA,NA,137,147,138,138,NA,NA,148,168,158,158,NA,NA,NA,NA,NA,NA,SO,SO504QZ,50.987501,-1.356184,25,6.5
5637E,5637,Chelex,NA,205,2018,147,148,197,203,NA,NA,140,140,NA,NA,158,185,141,147,138,138,NA,NA,146,148,158,160,NA,NA,NA,NA,NA,NA,SO,SO504QZ,50.987501,-1.356184,25,6.5
5637F,5637,Chelex,NA,205,2018,NA,NA,NA,NA,NA,NA,NA,NA,NA,NA,182,182,147,147,138,138,NA,NA,148,148,160,160,NA,NA,NA,NA,NA,NA,SO,SO504QZ,50.987501,-1.356184,25,9.5
5637G,5637,Chelex,NA,205,2018,147,148,203,203,NA,NA,140,140,NA,NA,NA,NA,NA,NA,138,138,NA,NA,146,148,158,160,NA,NA,148,148,NA,NA,SO,SO504QZ,50.987501,-1.356184,25,7.5
5912A,5912,Chelex,NA,286,2018,147,148,199,205,204,207,140,140,259,269,NA,NA,149,159,132,138,280,286,146,160,158,160,216,218,146,146,285,297,GU,GU104SD,51.196218,-0.8062188,41,1.5
5912B,5912,Chelex,NA,286,2018,148,148,197,205,207,207,130,142,257,257,NA,NA,149,161,132,138,276,278,146,166,158,158,218,220,142,146,285,291,GU,GU104SD,51.196218,-0.8062188,41,1.5
5912C,5912,Chelex,NA,286,2018,NA,NA,NA,NA,NA,NA,140,140,269,269,NA,NA,NA,NA,138,138,278,278,148,160,158,160,216,216,142,146,289,289,GU,GU104SD,51.196218,-0.8062188,41,5.5
5912D,5912,Chelex,NA,286,2018,147,147,193,197,207,207,132,132,NA,NA,NA,NA,147,147,132,138,NA,NA,146,166,156,156,NA,NA,146,148,NA,NA,GU,GU104SD,51.196218,-0.8062188,41,5.5
5912E,5912,Chelex,NA,286,2018,148,148,197,205,207,207,130,142,257,257,NA,NA,145,161,132,138,274,278,142,146,158,158,NA,NA,146,154,NA,NA,GU,GU104SD,51.196218,-0.8062188,41,3.5
5954A,5954,Chelex,NA,286,2018,NA,NA,NA,NA,216,216,NA,NA,NA,NA,NA,NA,NA,NA,132,138,NA,NA,146,146,158,158,212,212,144,146,NA,NA,GU,GU104NB,51.193849,-0.82179328,14,8.5
5954B,5954,Chelex,NA,286,2018,NA,NA,NA,NA,216,216,132,132,257,257,NA,NA,NA,NA,138,138,NA,NA,146,146,158,158,NA,NA,144,146,283,283,GU,GU104NB,51.193849,-0.82179328,14,6.5
5954C,5954,Chelex,NA,286,2018,148,148,197,197,NA,NA,NA,NA,NA,NA,NA,NA,147,147,138,138,NA,NA,148,148,158,158,NA,NA,148,148,NA,NA,GU,GU104NB,51.193849,-0.82179328,14,7.5
5954D,5954,Chelex,NA,286,2018,148,148,199,199,NA,NA,134,134,259,259,161,173,161,161,138,144,NA,NA,NA,NA,NA,NA,NA,NA,146,146,NA,NA,GU,GU104NB,51.193849,-0.82179328,14,6.5
5954E,5954,Chelex,NA,286,2018,151,151,199,205,NA,NA,134,134,NA,NA,158,158,NA,NA,132,138,NA,NA,NA,NA,NA,NA,214,214,160,160,NA,NA,GU,GU104NB,51.193849,-0.82179328,14,7.5
6136A,6136,Chelex,NA,29,2018,148,148,197,201,204,210,128,140,257,259,155,155,137,157,132,138,280,280,142,146,158,158,218,218,142,146,285,289,BH,BH189ND,50.756423,-2.0092054,11,0.5
6136B,6136,Chelex,NA,29,2018,148,148,197,203,204,207,132,138,257,273,155,155,137,153,138,138,278,286,146,146,152,152,188,188,NA,NA,293,293,BH,BH189ND,50.756423,-2.0092054,11,1.5
6136C,6136,Chelex,NA,29,2018,147,148,197,201,207,210,136,144,259,273,155,164,145,151,132,144,276,282,146,146,NA,NA,NA,NA,146,158,297,297,BH,BH189ND,50.756423,-2.0092054,11,2.5
6136D,6136,Chelex,NA,29,2018,NA,NA,NA,NA,NA,NA,NA,NA,NA,NA,NA,NA,NA,NA,135,159,NA,NA,NA,NA,NA,NA,NA,NA,146,146,NA,NA,BH,BH189ND,50.756423,-2.0092054,11,12.5
6136E,6136,Chelex,NA,29,2018,146,148,NA,NA,NA,NA,138,146,NA,NA,161,167,NA,NA,135,135,NA,NA,146,148,158,158,NA,NA,NA,NA,NA,NA,BH,BH189ND,50.756423,-2.0092054,11,8.5
6337A,6337,Chelex,NA,328,2018,148,148,197,197,189,189,140,140,NA,NA,164,167,137,153,138,138,280,280,146,146,158,158,210,210,156,156,273,273,KT,KT123SD,51.377518,-0.40750761,7,1.5
6337B,6337,Chelex,NA,328,2018,146,148,205,217,201,207,142,142,257,257,155,155,141,153,138,138,278,286,160,166,158,158,218,218,156,166,273,273,KT,KT123SD,51.377518,-0.40750761,7,0.5
6337C,6337,Chelex,NA,328,2018,148,148,197,215,207,210,140,142,259,267,155,161,147,165,138,138,280,280,146,154,158,158,218,218,146,164,273,273,KT,KT123SD,51.377518,-0.40750761,7,0.5
6337D,6337,Chelex,NA,328,2018,146,148,197,221,207,207,128,128,257,259,143,143,147,147,138,138,278,278,158,168,144,160,NA,NA,146,148,NA,NA,KT,KT123SD,51.377518,-0.40750761,7,2.5
6337E,6337,Chelex,NA,328,2018,146,148,201,227,204,207,132,140,257,259,155,155,147,149,138,138,274,280,146,170,160,160,188,188,146,146,NA,NA,KT,KT123SD,51.377518,-0.40750761,7,1.5
6382C,6382,Chelex,NA,122,2018,146,148,199,205,201,207,136,138,257,259,NA,NA,149,153,138,138,280,286,146,146,158,158,208,220,156,164,289,291,RH,RH103TL,51.126959,-0.152668,36,1.5
6382E,6382,Chelex,NA,122,2018,148,148,197,201,201,207,132,142,257,257,NA,NA,147,153,132,138,276,282,160,170,158,158,214,220,146,162,289,297,RH,RH103TL,51.126959,-0.152668,36,1.5
6382F,6382,Chelex,NA,122,2018,NA,NA,NA,NA,NA,NA,NA,NA,257,257,NA,NA,143,143,132,138,282,284,170,170,158,158,NA,NA,158,172,NA,NA,RH,RH103TL,51.126959,-0.152668,36,7.5
6382G,6382,Chelex,NA,122,2018,142,148,197,201,201,204,138,140,259,273,NA,NA,141,149,132,138,278,280,146,158,158,162,NA,NA,146,168,NA,NA,RH,RH103TL,51.126959,-0.152668,36,3.5
6514C,6514,Chelex,NA,62,2018,148,148,197,199,201,204,132,140,257,273,155,155,141,149,138,138,278,280,146,148,158,158,218,218,142,160,285,291,CR,CR41ND,51.400347,-0.14220595,24,0.5
6514D,6514,Chelex,NA,62,2018,148,148,NA,NA,NA,NA,NA,NA,NA,NA,NA,NA,NA,NA,141,141,NA,NA,146,160,158,158,NA,NA,142,146,NA,NA,CR,CR41ND,51.400347,-0.14220595,24,9.5
6514E,6514,Chelex,NA,62,2018,148,148,193,199,201,207,142,152,257,259,155,158,149,161,138,138,278,280,146,148,158,158,212,220,142,146,289,289,CR,CR41ND,51.400347,-0.14220595,24,0.5
6514F,6514,Chelex,NA,62,2018,148,148,197,201,207,207,140,140,257,259,155,164,145,147,132,138,278,286,168,170,158,158,210,220,146,146,285,285,CR,CR41ND,51.400347,-0.14220595,24,0.5
6514G,6514,Chelex,NA,62,2018,148,148,201,201,NA,NA,136,136,NA,NA,155,155,151,151,138,138,NA,NA,146,148,NA,NA,210,216,142,160,285,291,CR,CR41ND,51.400347,-0.14220595,24,4.5
6514H,6514,Chelex,NA,62,2018,148,148,201,201,204,207,138,144,NA,NA,155,161,147,147,138,138,288,288,146,158,158,158,218,222,146,146,NA,NA,CR,CR41ND,51.400347,-0.14220595,24,2.5
6546A,6546,Chelex,NA,328,2018,NA,NA,NA,NA,NA,NA,NA,NA,NA,NA,NA,NA,NA,NA,NA,NA,NA,NA,NA,NA,154,154,NA,NA,NA,NA,NA,NA,KT,KT108PY,51.3721,-0.36930633,17,13.5
6546B,6546,Chelex,NA,328,2018,148,148,199,205,204,204,142,144,257,271,194,194,139,165,132,138,286,286,142,142,NA,NA,NA,NA,146,162,NA,NA,KT,KT108PY,51.3721,-0.36930633,17,3.5
6546C,6546,Chelex,NA,328,2018,148,148,197,199,201,204,NA,NA,NA,NA,NA,NA,147,165,138,138,278,278,146,146,158,158,NA,NA,146,166,NA,NA,KT,KT108PY,51.3721,-0.36930633,17,5.5
6546D,6546,Chelex,NA,328,2018,NA,NA,NA,NA,NA,NA,NA,NA,NA,NA,NA,NA,NA,NA,NA,NA,NA,NA,NA,NA,NA,NA,NA,NA,NA,NA,NA,NA,KT,KT108PY,51.3721,-0.36930633,17,14.5
6546E,6546,Chelex,NA,328,2018,NA,NA,NA,NA,NA,NA,140,140,NA,NA,185,185,NA,NA,NA,NA,NA,NA,NA,NA,NA,NA,NA,NA,164,164,NA,NA,KT,KT108PY,51.3721,-0.36930633,17,11.5
6706A,6706,Chelex,NA,193,2018,147,148,201,205,207,210,132,152,257,257,NA,NA,141,165,138,138,280,280,146,148,NA,NA,NA,NA,146,146,NA,NA,BH,BH217SE,50.810877,-1.9124049,36,4.5
6706B,6706,Chelex,NA,193,2018,146,148,199,201,207,207,132,134,257,271,161,161,141,147,138,144,NA,NA,146,146,NA,NA,NA,NA,162,166,NA,NA,BH,BH217SE,50.810877,-1.9124049,36,4.5
6706C,6706,Chelex,NA,193,2018,NA,NA,NA,NA,NA,NA,NA,NA,NA,NA,NA,NA,NA,NA,NA,NA,NA,NA,NA,NA,NA,NA,NA,NA,148,148,NA,NA,BH,BH217SE,50.810877,-1.9124049,36,13.5
6706D,6706,Chelex,NA,193,2018,NA,NA,NA,NA,NA,NA,NA,NA,NA,NA,NA,NA,135,135,NA,NA,NA,NA,NA,NA,158,158,NA,NA,NA,NA,NA,NA,BH,BH217SE,50.810877,-1.9124049,36,12.5
6706E,6706,Chelex,NA,193,2018,NA,NA,NA,NA,NA,NA,NA,NA,NA,NA,NA,NA,NA,NA,NA,NA,NA,NA,146,146,158,158,NA,NA,NA,NA,NA,NA,BH,BH217SE,50.810877,-1.9124049,36,12.5
6723A,6723,Chelex,NA,22,2018,172,172,NA,NA,NA,NA,NA,NA,NA,NA,NA,NA,147,147,132,138,278,280,146,146,NA,NA,NA,NA,NA,NA,NA,NA,TN,TN354SL,50.913461,0.58487547,7,9.5
6723B,6723,Chelex,NA,22,2018,148,148,NA,NA,NA,NA,132,132,NA,NA,NA,NA,143,143,135,138,NA,NA,146,148,158,158,NA,NA,146,146,NA,NA,TN,TN354SL,50.913461,0.58487547,7,7.5
6723C,6723,Chelex,NA,22,2018,148,148,NA,NA,NA,NA,NA,NA,NA,NA,NA,NA,149,149,138,138,NA,NA,NA,NA,NA,NA,NA,NA,NA,NA,NA,NA,TN,TN354SL,50.913461,0.58487547,7,11.5
6723D,6723,Chelex,NA,22,2018,161,161,NA,NA,NA,NA,138,144,NA,NA,NA,NA,151,155,NA,NA,NA,NA,180,188,166,166,NA,NA,182,182,NA,NA,TN,TN354SL,50.913461,0.58487547,7,8.5